Keyword,Search Volume (Global),CPC (Global),Competition (Global),Trending %,Aug-24,Sep-24,Oct-24,Nov-24,Dec-24,Jan-25,Feb-25,Mar-25,Apr-25,May-25,Jun-25,Jul-25,
palm springs air conditioning repair,390,$1.38 ,0.85,18%,480,720,480,320,210,210,260,390,320,590,390,480,
air conditioning repair palm springs,390,$1.38 ,0.85,18%,480,720,480,320,210,210,260,390,320,590,390,480,
hvac repair palm springs,390,$3.00 ,0.68,-6%,590,480,720,480,320,210,210,260,390,320,590,390,
palm springs ac repair,390,$1.38 ,0.85,18%,480,720,480,320,210,210,260,390,320,590,390,480,
ac repair palm springs,390,$3.00 ,0.68,-6%,590,480,720,480,320,210,210,260,390,320,590,390,
air conditioner repair palm springs,390,$1.38 ,0.85,18%,480,720,480,320,210,210,260,390,320,590,390,480,
palm desert air conditioning repair,260,$12.87 ,0.69,-35%,590,480,390,210,260,110,110,210,110,260,210,170,
air conditioning repair palm desert,260,$12.84 ,0.69,-35%,590,480,390,210,260,110,110,210,110,260,210,170,
air conditioner repair palm desert,260,$12.82 ,0.69,-35%,590,480,390,210,260,110,110,210,110,260,210,170,
palm desert ac repair,210,$14.00 ,1,-25%,480,390,210,260,110,110,210,110,260,210,170,170,
ac repair palm desert,210,$14.00 ,1,-25%,480,390,210,260,110,110,210,110,260,210,170,170,
air conditioning repair indio,140,$5.00 ,0.84,36%,210,170,170,170,40,50,90,50,90,110,170,170,
ac repair indio,140,$14.89 ,0.7,29%,260,210,170,170,170,40,50,90,50,90,110,170,
air conditioner repair indio,140,$5.00 ,0.84,36%,210,170,170,170,40,50,90,50,90,110,170,170,
air conditioner service palm springs,110,$29.32 ,0.77,-26%,320,170,90,90,110,90,90,70,110,110,110,90,
air conditioner service palm desert,90,$10.83 ,0.97,-7%,170,170,110,70,90,90,50,30,30,90,170,90,
emergency ac repair palm springs,77,$0.00 ,0,,,,,,,,,,,,,,
air conditioning repair la quinta,70,$16.40 ,0.82,55%,110,110,40,110,30,30,50,50,50,90,70,110,
air duct cleaning palm springs,70,$7.33 ,0.94,97%,50,70,70,50,40,70,90,70,90,70,40,140,
air duct cleaning palm desert,70,$5.29 ,1,-11%,70,50,70,90,110,40,110,70,140,50,70,70,
ac repair la quinta,70,$16.40 ,0.82,55%,110,110,40,110,30,30,50,50,50,90,70,110,
air conditioner service indio,70,$0.00 ,0.32,-38%,90,110,50,50,90,70,40,90,30,70,40,40,
palm desert duct cleaning,70,$5.30 ,1,-11%,70,50,70,90,110,40,110,70,140,50,70,70,
duct cleaning palm springs,70,$7.33 ,0.94,97%,50,70,70,50,40,70,90,70,90,70,40,140,
duct cleaning palm desert,70,$5.29 ,1,-11%,70,50,70,90,110,40,110,70,140,50,70,70,
air conditioning repair rancho mirage,40,$0.00 ,0.52,17%,30,90,30,40,30,30,50,40,40,40,40,50,
air conditioning repair coachella,30,$16.51 ,0.44,41%,30,30,30,50,20,20,20,20,40,20,20,40,
ac installation palm springs,30,$0.00 ,0.09,60%,10,20,20,20,30,20,30,30,20,20,40,40,
hvac services palm springs,30,$0.00 ,0.14,248%,30,10,20,10,10,10,30,30,10,30,30,90,
ac repair coachella,30,$16.50 ,0.44,41%,30,30,30,50,20,20,20,20,40,20,20,40,
furnace repair palm springs,30,$0.00 ,0,-67%,10,10,10,20,10,90,90,30,20,30,30,10,
hvac service palm springs,30,$5.00 ,0.34,49%,10,20,10,10,10,30,30,10,30,30,90,40,
air conditioning repair cathedral city,20,$0.00 ,1,-56%,40,30,40,30,10,10,20,10,20,20,30,10,
air conditioning repair indian wells,20,$0.00 ,0.06,-40%,10,10,10,20,20,20,20,30,20,20,10,10,
ac installation palm desert,20,$0.00 ,0.03,71%,20,20,20,10,30,30,30,20,10,20,30,40,
ac repair cathedral city,20,$0.00 ,0.78,-4%,30,40,30,10,10,20,10,20,20,30,10,20,
air conditioner service la quinta,20,$0.00 ,1,-46%,30,40,30,40,10,10,10,10,10,10,10,10,
palm desert furnace repair,20,$0.00 ,0.03,-48%,10,20,20,20,30,40,20,10,10,10,30,10,
furnace repair palm desert,20,$0.00 ,0.03,-48%,10,20,20,20,30,40,20,10,10,10,30,10,
furnace repair indian wells,20,$0.00 ,0.21,4%,10,10,10,20,20,30,20,30,30,10,20,20,
furnace repair coachella,20,$0.00 ,0.11,19%,10,10,10,10,10,30,30,20,20,10,20,20,
la quinta air conditioning repair,10,$0.00 ,0.84,0%,10,10,10,10,10,10,0,10,10,10,20,10,
indio air conditioning repair,10,$0.00 ,0.93,9%,0,10,10,10,10,10,10,10,10,10,10,10,
palm springs ac installation,10,$0.00 ,0.14,-20%,20,20,10,20,10,10,10,10,10,10,10,10,
cathedral city ac installation,10,$0.00 ,0,71%,0,0,0,0,10,0,10,10,10,10,10,10,
rancho mirage ac installation,10,$0.00 ,0.17,71%,0,0,0,10,0,0,10,10,10,10,10,10,
palm desert ac installation,10,$0.00 ,0.04,-15%,10,20,10,10,10,10,10,10,10,20,10,10,
indian wells ac installation,10,$0.00 ,0.07,0%,0,10,10,10,10,10,10,10,20,10,10,10,
la quinta ac installation,10,$0.00 ,0,9%,0,10,10,10,10,10,10,10,10,10,10,10,
indio ac installation,10,$0.00 ,0.06,0%,10,10,10,10,10,10,10,10,10,10,10,10,
coachella ac installation,10,$0.00 ,0,9%,10,10,0,10,10,10,10,10,10,10,10,10,
ac installation cathedral city,10,$0.00 ,0.05,-8%,10,10,10,10,10,10,10,10,10,10,20,10,
ac installation indian wells,10,$0.00 ,0,139%,10,0,10,0,0,0,0,0,0,10,10,10,
ac installation la quinta,10,$0.00 ,0.01,200%,0,10,0,10,10,10,10,10,10,10,10,30,
ac installation indio,10,$0.00 ,0.63,-8%,10,10,10,10,10,10,10,10,10,10,20,10,
furnace replacement indio,10,$0.00 ,0.14,33%,10,0,10,10,10,0,10,10,10,10,0,10,
hvac contractor palm springs,10,$0.00 ,0.14,19%,10,10,10,0,10,10,10,10,0,10,10,10,
hvac contractor cathedral city,10,$0.00 ,0,-100%,0,10,0,0,0,0,10,0,10,0,0,0,
hvac contractor palm desert,10,$0.00 ,0.51,9%,10,10,10,10,10,10,10,10,0,10,10,10,
hvac contractor indio,10,$0.00 ,0,-100%,10,40,10,10,0,10,10,0,0,0,0,0,
hvac services la quinta,10,$0.00 ,0,84%,10,10,10,10,10,10,10,10,10,10,10,20,
hvac services indio,10,$0.00 ,0,71%,10,10,10,10,0,0,0,10,0,0,10,10,
palm desert furnace installation,10,$0.00 ,0,71%,10,10,0,10,10,10,0,0,10,0,0,10,
hvac maintenance palm springs,10,$0.00 ,0,9%,0,10,10,10,10,10,10,10,10,10,10,10,
hvac maintenance palm desert,10,$0.00 ,0.71,100%,0,0,0,0,0,10,10,10,0,10,10,10,
hvac maintenance indio,10,$0.00 ,0,49%,10,10,0,0,0,10,10,10,10,10,0,10,
hvac repair cathedral city,10,$0.00 ,0.14,49%,10,10,0,10,0,10,10,10,0,10,0,10,
hvac repair palm desert,10,$0.00 ,0,-100%,0,10,10,50,20,10,10,10,20,20,10,0,
hvac repair la quinta,10,$0.00 ,0,-100%,0,0,10,10,10,10,10,10,10,10,10,0,
hvac repair indio,10,$0.00 ,0.66,49%,10,10,10,10,0,0,10,10,0,10,0,10,
indio ac repair,10,$0.00 ,0.38,0%,10,10,10,10,10,10,10,10,10,10,10,10,
indio air conditioner repair,10,$0.00 ,0.38,0%,10,10,10,10,10,10,10,10,10,10,10,10,
coachella furnace repair,10,$0.00 ,0,33%,10,10,0,10,0,10,0,10,10,10,10,10,
furnace repair cathedral city,10,$0.00 ,0.05,-20%,20,10,10,10,10,20,10,20,10,10,10,10,
furnace repair rancho mirage,10,$0.00 ,0.04,84%,10,10,10,10,10,10,10,20,10,10,0,20,
furnace repair la quinta,10,$0.00 ,0,-15%,20,10,10,10,10,10,10,10,10,20,10,10,
furnace repair indio,10,$0.00 ,0.01,60%,10,10,10,20,10,10,10,20,10,10,10,20,
emergency air conditioning repair palm springs,10,$0.00 ,0,-100%,10,0,0,10,0,10,10,0,0,10,0,0,
palm desert heating repair,10,$0.00 ,0,33%,10,10,10,0,10,10,10,10,10,0,0,10,
heating repair palm springs,10,$0.00 ,0.24,0%,10,10,10,10,10,10,10,10,10,10,10,10,
heating repair palm desert,10,$0.00 ,0,-100%,0,0,10,10,10,20,10,10,10,0,0,0,
indio commercial hvac,10,$0.00 ,0,199%,0,0,0,10,10,0,0,0,10,0,0,10,
heat pump repair palm springs,10,$0.00 ,0,-100%,10,0,10,10,10,10,10,0,0,0,0,0,5617
cathedral city air conditioning repair,0,$0.00 ,0,,,,,,,,,,,,,,
rancho mirage air conditioning repair,0,$0.00 ,0,,,,,,,,,,,,,,
indian wells air conditioning repair,0,$0.00 ,0,,,,,,,,,,,,,,
coachella air conditioning repair,0,$0.00 ,0,,,,,,,,,,,,,,
palm springs emergency air conditioner repair,0,$0.00 ,0,,,,,,,,,,,,,,
cathedral city emergency air conditioner repair,0,$0.00 ,0,,,,,,,,,,,,,,
rancho mirage emergency air conditioner repair,0,$0.00 ,0,,,,,,,,,,,,,,
palm desert emergency air conditioner repair,0,$0.00 ,0,,,,,,,,,,,,,,
indian wells emergency air conditioner repair,0,$0.00 ,0,,,,,,,,,,,,,,
la quinta emergency air conditioner repair,0,$0.00 ,0,,,,,,,,,,,,,,
indio emergency air conditioner repair,0,$0.00 ,0,,,,,,,,,,,,,,
coachella emergency air conditioner repair,0,$0.00 ,0,,,,,,,,,,,,,,
emergency air conditioner repair palm springs,0,$0.00 ,0,,,,,,,,,,,,,,
emergency air conditioner repair cathedral city,0,$0.00 ,0,,,,,,,,,,,,,,
emergency air conditioner repair rancho mirage,0,$0.00 ,0,,,,,,,,,,,,,,
emergency air conditioner repair palm desert,0,$0.00 ,0,,,,,,,,,,,,,,
emergency air conditioner repair indian wells,0,$0.00 ,0,,,,,,,,,,,,,,
emergency air conditioner repair la quinta,0,$0.00 ,0,,,,,,,,,,,,,,
emergency air conditioner repair indio,0,$0.00 ,0,,,,,,,,,,,,,,
emergency air conditioner repair coachella,0,$0.00 ,0,,,,,,,,,,,,,,
palm springs emergency ac repair,0,$0.00 ,0,,,,,,,,,,,,,,
cathedral city emergency ac repair,0,$0.00 ,0,,,,,,,,,,,,,,
rancho mirage emergency ac repair,0,$0.00 ,0,,,,,,,,,,,,,,
palm desert emergency ac repair,0,$0.00 ,0,,,,,,,,,,,,,,
indian wells emergency ac repair,0,$0.00 ,0,,,,,,,,,,,,,,
la quinta emergency ac repair,0,$0.00 ,0,,,,,,,,,,,,,,
indio emergency ac repair,0,$0.00 ,0,,,,,,,,,,,,,,
coachella emergency ac repair,0,$0.00 ,0,,,,,,,,,,,,,,
emergency ac repair cathedral city,0,$0.00 ,0,,,,,,,,,,,,,,
emergency ac repair rancho mirage,0,$0.00 ,0,,,,,,,,,,,,,,
emergency ac repair palm desert,0,$0.00 ,0,,,,,,,,,,,,,,
emergency ac repair indian wells,0,$0.00 ,0,,,,,,,,,,,,,,
emergency ac repair la quinta,0,$0.00 ,0,,,,,,,,,,,,,,
emergency ac repair indio,0,$0.00 ,0,,,,,,,,,,,,,,
emergency ac repair coachella,0,$0.00 ,0,,,,,,,,,,,,,,
palm springs hvac companies,0,$0.00 ,0,,,,,,,,,,,,,,
cathedral city hvac companies,0,$0.00 ,0,,,,,,,,,,,,,,
rancho mirage hvac companies,0,$0.00 ,0,,,,,,,,,,,,,,
palm desert hvac companies,0,$0.00 ,0,,,,,,,,,,,,,,
indian wells hvac companies,0,$0.00 ,0,,,,,,,,,,,,,,
la quinta hvac companies,0,$0.00 ,0,,,,,,,,,,,,,,
indio hvac companies,0,$0.00 ,0,,,,,,,,,,,,,,
coachella hvac companies,0,$0.00 ,0,,,,,,,,,,,,,,
hvac companies palm springs,0,$0.00 ,0,,,,,,,,,,,,,,
hvac companies cathedral city,0,$0.00 ,0,,,,,,,,,,,,,,
hvac companies rancho mirage,0,$0.00 ,0,,,,,,,,,,,,,,
hvac companies palm desert,0,$0.00 ,0,,,,,,,,,,,,,,
hvac companies indian wells,0,$0.00 ,0,,,,,,,,,,,,,,
hvac companies la quinta,0,$0.00 ,0,,,,,,,,,,,,,,
hvac companies indio,0,$0.00 ,0,,,,,,,,,,,,,,
hvac companies coachella,0,$0.00 ,0,,,,,,,,,,,,,,
palm springs emergency ac service,0,$0.00 ,0,,,,,,,,,,,,,,
cathedral city emergency ac service,0,$0.00 ,0,,,,,,,,,,,,,,
rancho mirage emergency ac service,0,$0.00 ,0,,,,,,,,,,,,,,
palm desert emergency ac service,0,$0.00 ,0,,,,,,,,,,,,,,
indian wells emergency ac service,0,$0.00 ,0,,,,,,,,,,,,,,
la quinta emergency ac service,0,$0.00 ,0,,,,,,,,,,,,,,
indio emergency ac service,0,$0.00 ,0,,,,,,,,,,,,,,
coachella emergency ac service,0,$0.00 ,0,,,,,,,,,,,,,,
emergency ac service palm springs,0,$0.00 ,0,,,,,,,,,,,,,,
emergency ac service cathedral city,0,$0.00 ,0,,,,,,,,,,,,,,
emergency ac service rancho mirage,0,$0.00 ,0,,,,,,,,,,,,,,
emergency ac service palm desert,0,$0.00 ,0,,,,,,,,,,,,,,
emergency ac service indian wells,0,$0.00 ,0,,,,,,,,,,,,,,
emergency ac service la quinta,0,$0.00 ,0,,,,,,,,,,,,,,
emergency ac service indio,0,$0.00 ,0,,,,,,,,,,,,,,
emergency ac service coachella,0,$0.00 ,0,,,,,,,,,,,,,,
ac installation rancho mirage,0,$0.00 ,0,,,,,,,,,,,,,,
ac installation coachella,0,$0.00 ,0,,,,,,,,,,,,,,
palm springs furnace replacement,0,$0.00 ,0,,,,,,,,,,,,,,
cathedral city furnace replacement,0,$0.00 ,0,,,,,,,,,,,,,,
rancho mirage furnace replacement,0,$0.00 ,0,,,,,,,,,,,,,,
palm desert furnace replacement,0,$0.00 ,0,,,,,,,,,,,,,,
indian wells furnace replacement,0,$0.00 ,0,,,,,,,,,,,,,,
la quinta furnace replacement,0,$0.00 ,0,,,,,,,,,,,,,,
indio furnace replacement,0,$0.00 ,0,,,,,,,,,,,,,,
coachella furnace replacement,0,$0.00 ,0,,,,,,,,,,,,,,
furnace replacement palm springs,0,$0.00 ,0,,,,,,,,,,,,,,
furnace replacement cathedral city,0,$0.00 ,0,,,,,,,,,,,,,,
furnace replacement rancho mirage,0,$0.00 ,0,,,,,,,,,,,,,,
furnace replacement palm desert,0,$0.00 ,0,,,,,,,,,,,,,,
furnace replacement indian wells,0,$0.00 ,0,,,,,,,,,,,,,,
furnace replacement la quinta,0,$0.00 ,0,,,,,,,,,,,,,,
furnace replacement coachella,0,$0.00 ,0,,,,,,,,,,,,,,
palm springs hvac contractor,0,$0.00 ,0,,,,,,,,,,,,,,
cathedral city hvac contractor,0,$0.00 ,0,,,,,,,,,,,,,,
rancho mirage hvac contractor,0,$0.00 ,0,,,,,,,,,,,,,,
palm desert hvac contractor,0,$0.00 ,0,,,,,,,,,,,,,,
indian wells hvac contractor,0,$0.00 ,0,,,,,,,,,,,,,,
la quinta hvac contractor,0,$0.00 ,0,,,,,,,,,,,,,,
indio hvac contractor,0,$0.00 ,0,,,,,,,,,,,,,,
coachella hvac contractor,0,$0.00 ,0,,,,,,,,,,,,,,
hvac contractor rancho mirage,0,$0.00 ,0,,,,,,,,,,,,,,
hvac contractor indian wells,0,$0.00 ,0,,,,,,,,,,,,,,
hvac contractor la quinta,0,$0.00 ,0,,,,,,,,,,,,,,
hvac contractor coachella,0,$0.00 ,0,,,,,,,,,,,,,,
palm springs hvac services,0,$0.00 ,0,,,,,,,,,,,,,,
cathedral city hvac services,0,$0.00 ,0,,,,,,,,,,,,,,
rancho mirage hvac services,0,$0.00 ,0,,,,,,,,,,,,,,
palm desert hvac services,0,$0.00 ,0,,,,,,,,,,,,,,
indian wells hvac services,0,$0.00 ,0,,,,,,,,,,,,,,
la quinta hvac services,0,$0.00 ,0,,,,,,,,,,,,,,
indio hvac services,0,$0.00 ,0,,,,,,,,,,,,,,
coachella hvac services,0,$0.00 ,0,,,,,,,,,,,,,,
hvac services cathedral city,0,$0.00 ,0,,,,,,,,,,,,,,
hvac services rancho mirage,0,$0.00 ,0,,,,,,,,,,,,,,
hvac services palm desert,0,$0.00 ,0,,,,,,,,,,,,,,
hvac services indian wells,0,$0.00 ,0,,,,,,,,,,,,,,
hvac services coachella,0,$0.00 ,0,,,,,,,,,,,,,,
palm springs heating and cooling repair,0,$0.00 ,0,,,,,,,,,,,,,,
cathedral city heating and cooling repair,0,$0.00 ,0,,,,,,,,,,,,,,
rancho mirage heating and cooling repair,0,$0.00 ,0,,,,,,,,,,,,,,
palm desert heating and cooling repair,0,$0.00 ,0,,,,,,,,,,,,,,
indian wells heating and cooling repair,0,$0.00 ,0,,,,,,,,,,,,,,
la quinta heating and cooling repair,0,$0.00 ,0,,,,,,,,,,,,,,
indio heating and cooling repair,0,$0.00 ,0,,,,,,,,,,,,,,
coachella heating and cooling repair,0,$0.00 ,0,,,,,,,,,,,,,,
heating and cooling repair palm springs,0,$0.00 ,0,,,,,,,,,,,,,,
heating and cooling repair cathedral city,0,$0.00 ,0,,,,,,,,,,,,,,
heating and cooling repair rancho mirage,0,$0.00 ,0,,,,,,,,,,,,,,
heating and cooling repair palm desert,0,$0.00 ,0,,,,,,,,,,,,,,
heating and cooling repair indian wells,0,$0.00 ,0,,,,,,,,,,,,,,
heating and cooling repair la quinta,0,$0.00 ,0,,,,,,,,,,,,,,
heating and cooling repair indio,0,$0.00 ,0,,,,,,,,,,,,,,
heating and cooling repair coachella,0,$0.00 ,0,,,,,,,,,,,,,,
palm springs air duct cleaning,0,$0.00 ,0,,,,,,,,,,,,,,
cathedral city air duct cleaning,0,$0.00 ,0,,,,,,,,,,,,,,
rancho mirage air duct cleaning,0,$0.00 ,0,,,,,,,,,,,,,,
palm desert air duct cleaning,0,$0.00 ,0,,,,,,,,,,,,,,
indian wells air duct cleaning,0,$0.00 ,0,,,,,,,,,,,,,,
la quinta air duct cleaning,0,$0.00 ,0,,,,,,,,,,,,,,
indio air duct cleaning,0,$0.00 ,0,,,,,,,,,,,,,,
coachella air duct cleaning,0,$0.00 ,0,,,,,,,,,,,,,,
air duct cleaning cathedral city,0,$0.00 ,0,,,,,,,,,,,,,,
air duct cleaning rancho mirage,0,$0.00 ,0,,,,,,,,,,,,,,
air duct cleaning indian wells,0,$0.00 ,0,,,,,,,,,,,,,,
air duct cleaning la quinta,0,$0.00 ,0,,,,,,,,,,,,,,
air duct cleaning indio,0,$0.00 ,0,,,,,,,,,,,,,,
air duct cleaning coachella,0,$0.00 ,0,,,,,,,,,,,,,,
palm springs hvac repair near me,0,$0.00 ,0,,,,,,,,,,,,,,
cathedral city hvac repair near me,0,$0.00 ,0,,,,,,,,,,,,,,
rancho mirage hvac repair near me,0,$0.00 ,0,,,,,,,,,,,,,,
palm desert hvac repair near me,0,$0.00 ,0,,,,,,,,,,,,,,
indian wells hvac repair near me,0,$0.00 ,0,,,,,,,,,,,,,,
la quinta hvac repair near me,0,$0.00 ,0,,,,,,,,,,,,,,
indio hvac repair near me,0,$0.00 ,0,,,,,,,,,,,,,,
coachella hvac repair near me,0,$0.00 ,0,,,,,,,,,,,,,,
hvac repair near me palm springs,0,$0.00 ,0,,,,,,,,,,,,,,
hvac repair near me cathedral city,0,$0.00 ,0,,,,,,,,,,,,,,
hvac repair near me rancho mirage,0,$0.00 ,0,,,,,,,,,,,,,,
hvac repair near me palm desert,0,$0.00 ,0,,,,,,,,,,,,,,
hvac repair near me indian wells,0,$0.00 ,0,,,,,,,,,,,,,,
hvac repair near me la quinta,0,$0.00 ,0,,,,,,,,,,,,,,
hvac repair near me indio,0,$0.00 ,0,,,,,,,,,,,,,,
hvac repair near me coachella,0,$0.00 ,0,,,,,,,,,,,,,,
palm springs furnace repair near me,0,$0.00 ,0,,,,,,,,,,,,,,
cathedral city furnace repair near me,0,$0.00 ,0,,,,,,,,,,,,,,
rancho mirage furnace repair near me,0,$0.00 ,0,,,,,,,,,,,,,,
palm desert furnace repair near me,0,$0.00 ,0,,,,,,,,,,,,,,
indian wells furnace repair near me,0,$0.00 ,0,,,,,,,,,,,,,,
la quinta furnace repair near me,0,$0.00 ,0,,,,,,,,,,,,,,
indio furnace repair near me,0,$0.00 ,0,,,,,,,,,,,,,,
coachella furnace repair near me,0,$0.00 ,0,,,,,,,,,,,,,,
furnace repair near me palm springs,0,$0.00 ,0,,,,,,,,,,,,,,
furnace repair near me cathedral city,0,$0.00 ,0,,,,,,,,,,,,,,
furnace repair near me rancho mirage,0,$0.00 ,0,,,,,,,,,,,,,,
furnace repair near me palm desert,0,$0.00 ,0,,,,,,,,,,,,,,
furnace repair near me indian wells,0,$0.00 ,0,,,,,,,,,,,,,,
furnace repair near me la quinta,0,$0.00 ,0,,,,,,,,,,,,,,
furnace repair near me indio,0,$0.00 ,0,,,,,,,,,,,,,,
furnace repair near me coachella,0,$0.00 ,0,,,,,,,,,,,,,,
palm springs heating and cooling near me,0,$0.00 ,0,,,,,,,,,,,,,,
cathedral city heating and cooling near me,0,$0.00 ,0,,,,,,,,,,,,,,
rancho mirage heating and cooling near me,0,$0.00 ,0,,,,,,,,,,,,,,
palm desert heating and cooling near me,0,$0.00 ,0,,,,,,,,,,,,,,
indian wells heating and cooling near me,0,$0.00 ,0,,,,,,,,,,,,,,
la quinta heating and cooling near me,0,$0.00 ,0,,,,,,,,,,,,,,
indio heating and cooling near me,0,$0.00 ,0,,,,,,,,,,,,,,
coachella heating and cooling near me,0,$0.00 ,0,,,,,,,,,,,,,,
heating and cooling near me palm springs,0,$0.00 ,0,,,,,,,,,,,,,,
heating and cooling near me cathedral city,0,$0.00 ,0,,,,,,,,,,,,,,
heating and cooling near me rancho mirage,0,$0.00 ,0,,,,,,,,,,,,,,
heating and cooling near me palm desert,0,$0.00 ,0,,,,,,,,,,,,,,
heating and cooling near me indian wells,0,$0.00 ,0,,,,,,,,,,,,,,
heating and cooling near me la quinta,0,$0.00 ,0,,,,,,,,,,,,,,
heating and cooling near me indio,0,$0.00 ,0,,,,,,,,,,,,,,
heating and cooling near me coachella,0,$0.00 ,0,,,,,,,,,,,,,,
palm springs ac installation near me,0,$0.00 ,0,,,,,,,,,,,,,,
cathedral city ac installation near me,0,$0.00 ,0,,,,,,,,,,,,,,
rancho mirage ac installation near me,0,$0.00 ,0,,,,,,,,,,,,,,
palm desert ac installation near me,0,$0.00 ,0,,,,,,,,,,,,,,
indian wells ac installation near me,0,$0.00 ,0,,,,,,,,,,,,,,
la quinta ac installation near me,0,$0.00 ,0,,,,,,,,,,,,,,
indio ac installation near me,0,$0.00 ,0,,,,,,,,,,,,,,
coachella ac installation near me,0,$0.00 ,0,,,,,,,,,,,,,,
ac installation near me palm springs,0,$0.00 ,0,,,,,,,,,,,,,,
ac installation near me cathedral city,0,$0.00 ,0,,,,,,,,,,,,,,
ac installation near me rancho mirage,0,$0.00 ,0,,,,,,,,,,,,,,
ac installation near me palm desert,0,$0.00 ,0,,,,,,,,,,,,,,
ac installation near me indian wells,0,$0.00 ,0,,,,,,,,,,,,,,
ac installation near me la quinta,0,$0.00 ,0,,,,,,,,,,,,,,
ac installation near me indio,0,$0.00 ,0,,,,,,,,,,,,,,
ac installation near me coachella,0,$0.00 ,0,,,,,,,,,,,,,,
palm springs emergency hvac repair,0,$0.00 ,0,,,,,,,,,,,,,,
cathedral city emergency hvac repair,0,$0.00 ,0,,,,,,,,,,,,,,
rancho mirage emergency hvac repair,0,$0.00 ,0,,,,,,,,,,,,,,
palm desert emergency hvac repair,0,$0.00 ,0,,,,,,,,,,,,,,
indian wells emergency hvac repair,0,$0.00 ,0,,,,,,,,,,,,,,
la quinta emergency hvac repair,0,$0.00 ,0,,,,,,,,,,,,,,
indio emergency hvac repair,0,$0.00 ,0,,,,,,,,,,,,,,
coachella emergency hvac repair,0,$0.00 ,0,,,,,,,,,,,,,,
emergency hvac repair palm springs,0,$0.00 ,0,,,,,,,,,,,,,,
emergency hvac repair cathedral city,0,$0.00 ,0,,,,,,,,,,,,,,
emergency hvac repair rancho mirage,0,$0.00 ,0,,,,,,,,,,,,,,
emergency hvac repair palm desert,0,$0.00 ,0,,,,,,,,,,,,,,
emergency hvac repair indian wells,0,$0.00 ,0,,,,,,,,,,,,,,
emergency hvac repair la quinta,0,$0.00 ,0,,,,,,,,,,,,,,
emergency hvac repair indio,0,$0.00 ,0,,,,,,,,,,,,,,
emergency hvac repair coachella,0,$0.00 ,0,,,,,,,,,,,,,,
palm springs 247 hvac repair,0,$0.00 ,0,,,,,,,,,,,,,,
cathedral city 247 hvac repair,0,$0.00 ,0,,,,,,,,,,,,,,
rancho mirage 247 hvac repair,0,$0.00 ,0,,,,,,,,,,,,,,
palm desert 247 hvac repair,0,$0.00 ,0,,,,,,,,,,,,,,
indian wells 247 hvac repair,0,$0.00 ,0,,,,,,,,,,,,,,
la quinta 247 hvac repair,0,$0.00 ,0,,,,,,,,,,,,,,
indio 247 hvac repair,0,$0.00 ,0,,,,,,,,,,,,,,
coachella 247 hvac repair,0,$0.00 ,0,,,,,,,,,,,,,,
247 hvac repair palm springs,0,$0.00 ,0,,,,,,,,,,,,,,
247 hvac repair cathedral city,0,$0.00 ,0,,,,,,,,,,,,,,
247 hvac repair rancho mirage,0,$0.00 ,0,,,,,,,,,,,,,,
247 hvac repair palm desert,0,$0.00 ,0,,,,,,,,,,,,,,
247 hvac repair indian wells,0,$0.00 ,0,,,,,,,,,,,,,,
247 hvac repair la quinta,0,$0.00 ,0,,,,,,,,,,,,,,
247 hvac repair indio,0,$0.00 ,0,,,,,,,,,,,,,,
247 hvac repair coachella,0,$0.00 ,0,,,,,,,,,,,,,,
palm springs same day hvac service,0,$0.00 ,0,,,,,,,,,,,,,,
cathedral city same day hvac service,0,$0.00 ,0,,,,,,,,,,,,,,
rancho mirage same day hvac service,0,$0.00 ,0,,,,,,,,,,,,,,
palm desert same day hvac service,0,$0.00 ,0,,,,,,,,,,,,,,
indian wells same day hvac service,0,$0.00 ,0,,,,,,,,,,,,,,
la quinta same day hvac service,0,$0.00 ,0,,,,,,,,,,,,,,
indio same day hvac service,0,$0.00 ,0,,,,,,,,,,,,,,
coachella same day hvac service,0,$0.00 ,0,,,,,,,,,,,,,,
same day hvac service palm springs,0,$0.00 ,0,,,,,,,,,,,,,,
same day hvac service cathedral city,0,$0.00 ,0,,,,,,,,,,,,,,
same day hvac service rancho mirage,0,$0.00 ,0,,,,,,,,,,,,,,
same day hvac service palm desert,0,$0.00 ,0,,,,,,,,,,,,,,
same day hvac service indian wells,0,$0.00 ,0,,,,,,,,,,,,,,
same day hvac service la quinta,0,$0.00 ,0,,,,,,,,,,,,,,
same day hvac service indio,0,$0.00 ,0,,,,,,,,,,,,,,
same day hvac service coachella,0,$0.00 ,0,,,,,,,,,,,,,,
palm springs after hours hvac repair,0,$0.00 ,0,,,,,,,,,,,,,,
cathedral city after hours hvac repair,0,$0.00 ,0,,,,,,,,,,,,,,
rancho mirage after hours hvac repair,0,$0.00 ,0,,,,,,,,,,,,,,
palm desert after hours hvac repair,0,$0.00 ,0,,,,,,,,,,,,,,
indian wells after hours hvac repair,0,$0.00 ,0,,,,,,,,,,,,,,
la quinta after hours hvac repair,0,$0.00 ,0,,,,,,,,,,,,,,
indio after hours hvac repair,0,$0.00 ,0,,,,,,,,,,,,,,
coachella after hours hvac repair,0,$0.00 ,0,,,,,,,,,,,,,,
after hours hvac repair palm springs,0,$0.00 ,0,,,,,,,,,,,,,,
after hours hvac repair cathedral city,0,$0.00 ,0,,,,,,,,,,,,,,
after hours hvac repair rancho mirage,0,$0.00 ,0,,,,,,,,,,,,,,
after hours hvac repair palm desert,0,$0.00 ,0,,,,,,,,,,,,,,
after hours hvac repair indian wells,0,$0.00 ,0,,,,,,,,,,,,,,
after hours hvac repair la quinta,0,$0.00 ,0,,,,,,,,,,,,,,
after hours hvac repair indio,0,$0.00 ,0,,,,,,,,,,,,,,
after hours hvac repair coachella,0,$0.00 ,0,,,,,,,,,,,,,,
palm springs furnace installation,0,$0.00 ,0,,,,,,,,,,,,,,
cathedral city furnace installation,0,$0.00 ,0,,,,,,,,,,,,,,
rancho mirage furnace installation,0,$0.00 ,0,,,,,,,,,,,,,,
indian wells furnace installation,0,$0.00 ,0,,,,,,,,,,,,,,
la quinta furnace installation,0,$0.00 ,0,,,,,,,,,,,,,,
indio furnace installation,0,$0.00 ,0,,,,,,,,,,,,,,
coachella furnace installation,0,$0.00 ,0,,,,,,,,,,,,,,
furnace installation palm springs,0,$0.00 ,0,,,,,,,,,,,,,,
furnace installation cathedral city,0,$0.00 ,0,,,,,,,,,,,,,,
furnace installation rancho mirage,0,$0.00 ,0,,,,,,,,,,,,,,
furnace installation palm desert,0,$0.00 ,0,,,,,,,,,,,,,,
furnace installation indian wells,0,$0.00 ,0,,,,,,,,,,,,,,
furnace installation la quinta,0,$0.00 ,0,,,,,,,,,,,,,,
furnace installation indio,0,$0.00 ,0,,,,,,,,,,,,,,
furnace installation coachella,0,$0.00 ,0,,,,,,,,,,,,,,
palm springs hvac system replacement,0,$0.00 ,0,,,,,,,,,,,,,,
cathedral city hvac system replacement,0,$0.00 ,0,,,,,,,,,,,,,,
rancho mirage hvac system replacement,0,$0.00 ,0,,,,,,,,,,,,,,
palm desert hvac system replacement,0,$0.00 ,0,,,,,,,,,,,,,,
indian wells hvac system replacement,0,$0.00 ,0,,,,,,,,,,,,,,
la quinta hvac system replacement,0,$0.00 ,0,,,,,,,,,,,,,,
indio hvac system replacement,0,$0.00 ,0,,,,,,,,,,,,,,
coachella hvac system replacement,0,$0.00 ,0,,,,,,,,,,,,,,
hvac system replacement palm springs,0,$0.00 ,0,,,,,,,,,,,,,,
hvac system replacement cathedral city,0,$0.00 ,0,,,,,,,,,,,,,,
hvac system replacement rancho mirage,0,$0.00 ,0,,,,,,,,,,,,,,
hvac system replacement palm desert,0,$0.00 ,0,,,,,,,,,,,,,,
hvac system replacement indian wells,0,$0.00 ,0,,,,,,,,,,,,,,
hvac system replacement la quinta,0,$0.00 ,0,,,,,,,,,,,,,,
hvac system replacement indio,0,$0.00 ,0,,,,,,,,,,,,,,
hvac system replacement coachella,0,$0.00 ,0,,,,,,,,,,,,,,
palm springs central air installation,0,$0.00 ,0,,,,,,,,,,,,,,
cathedral city central air installation,0,$0.00 ,0,,,,,,,,,,,,,,
rancho mirage central air installation,0,$0.00 ,0,,,,,,,,,,,,,,
palm desert central air installation,0,$0.00 ,0,,,,,,,,,,,,,,
indian wells central air installation,0,$0.00 ,0,,,,,,,,,,,,,,
la quinta central air installation,0,$0.00 ,0,,,,,,,,,,,,,,
indio central air installation,0,$0.00 ,0,,,,,,,,,,,,,,
coachella central air installation,0,$0.00 ,0,,,,,,,,,,,,,,
central air installation palm springs,0,$0.00 ,0,,,,,,,,,,,,,,
central air installation cathedral city,0,$0.00 ,0,,,,,,,,,,,,,,
central air installation rancho mirage,0,$0.00 ,0,,,,,,,,,,,,,,
central air installation palm desert,0,$0.00 ,0,,,,,,,,,,,,,,
central air installation indian wells,0,$0.00 ,0,,,,,,,,,,,,,,
central air installation la quinta,0,$0.00 ,0,,,,,,,,,,,,,,
central air installation indio,0,$0.00 ,0,,,,,,,,,,,,,,
central air installation coachella,0,$0.00 ,0,,,,,,,,,,,,,,
palm springs hvac maintenance,0,$0.00 ,0,,,,,,,,,,,,,,
cathedral city hvac maintenance,0,$0.00 ,0,,,,,,,,,,,,,,
rancho mirage hvac maintenance,0,$0.00 ,0,,,,,,,,,,,,,,
palm desert hvac maintenance,0,$0.00 ,0,,,,,,,,,,,,,,
indian wells hvac maintenance,0,$0.00 ,0,,,,,,,,,,,,,,
la quinta hvac maintenance,0,$0.00 ,0,,,,,,,,,,,,,,
indio hvac maintenance,0,$0.00 ,0,,,,,,,,,,,,,,
coachella hvac maintenance,0,$0.00 ,0,,,,,,,,,,,,,,
hvac maintenance cathedral city,0,$0.00 ,0,,,,,,,,,,,,,,
hvac maintenance rancho mirage,0,$0.00 ,0,,,,,,,,,,,,,,
hvac maintenance indian wells,0,$0.00 ,0,,,,,,,,,,,,,,
hvac maintenance la quinta,0,$0.00 ,0,,,,,,,,,,,,,,
hvac maintenance coachella,0,$0.00 ,0,,,,,,,,,,,,,,
palm springs furnace maintenance,0,$0.00 ,0,,,,,,,,,,,,,,
cathedral city furnace maintenance,0,$0.00 ,0,,,,,,,,,,,,,,
rancho mirage furnace maintenance,0,$0.00 ,0,,,,,,,,,,,,,,
palm desert furnace maintenance,0,$0.00 ,0,,,,,,,,,,,,,,
indian wells furnace maintenance,0,$0.00 ,0,,,,,,,,,,,,,,
la quinta furnace maintenance,0,$0.00 ,0,,,,,,,,,,,,,,
indio furnace maintenance,0,$0.00 ,0,,,,,,,,,,,,,,
coachella furnace maintenance,0,$0.00 ,0,,,,,,,,,,,,,,
furnace maintenance palm springs,0,$0.00 ,0,,,,,,,,,,,,,,
furnace maintenance cathedral city,0,$0.00 ,0,,,,,,,,,,,,,,
furnace maintenance rancho mirage,0,$0.00 ,0,,,,,,,,,,,,,,
furnace maintenance palm desert,0,$0.00 ,0,,,,,,,,,,,,,,
furnace maintenance indian wells,0,$0.00 ,0,,,,,,,,,,,,,,
furnace maintenance la quinta,0,$0.00 ,0,,,,,,,,,,,,,,
furnace maintenance indio,0,$0.00 ,0,,,,,,,,,,,,,,
furnace maintenance coachella,0,$0.00 ,0,,,,,,,,,,,,,,
palm springs ac tune up,0,$0.00 ,0,,,,,,,,,,,,,,
cathedral city ac tune up,0,$0.00 ,0,,,,,,,,,,,,,,
rancho mirage ac tune up,0,$0.00 ,0,,,,,,,,,,,,,,
palm desert ac tune up,0,$0.00 ,0,,,,,,,,,,,,,,
indian wells ac tune up,0,$0.00 ,0,,,,,,,,,,,,,,
la quinta ac tune up,0,$0.00 ,0,,,,,,,,,,,,,,
indio ac tune up,0,$0.00 ,0,,,,,,,,,,,,,,
coachella ac tune up,0,$0.00 ,0,,,,,,,,,,,,,,
ac tune up palm springs,0,$0.00 ,0,,,,,,,,,,,,,,
ac tune up cathedral city,0,$0.00 ,0,,,,,,,,,,,,,,
ac tune up rancho mirage,0,$0.00 ,0,,,,,,,,,,,,,,
ac tune up palm desert,0,$0.00 ,0,,,,,,,,,,,,,,
ac tune up indian wells,0,$0.00 ,0,,,,,,,,,,,,,,
ac tune up la quinta,0,$0.00 ,0,,,,,,,,,,,,,,
ac tune up indio,0,$0.00 ,0,,,,,,,,,,,,,,
ac tune up coachella,0,$0.00 ,0,,,,,,,,,,,,,,
palm springs spring hvac maintenance,0,$0.00 ,0,,,,,,,,,,,,,,
cathedral city spring hvac maintenance,0,$0.00 ,0,,,,,,,,,,,,,,
rancho mirage spring hvac maintenance,0,$0.00 ,0,,,,,,,,,,,,,,
palm desert spring hvac maintenance,0,$0.00 ,0,,,,,,,,,,,,,,
indian wells spring hvac maintenance,0,$0.00 ,0,,,,,,,,,,,,,,
la quinta spring hvac maintenance,0,$0.00 ,0,,,,,,,,,,,,,,
indio spring hvac maintenance,0,$0.00 ,0,,,,,,,,,,,,,,
coachella spring hvac maintenance,0,$0.00 ,0,,,,,,,,,,,,,,
spring hvac maintenance palm springs,0,$0.00 ,0,,,,,,,,,,,,,,
spring hvac maintenance cathedral city,0,$0.00 ,0,,,,,,,,,,,,,,
spring hvac maintenance rancho mirage,0,$0.00 ,0,,,,,,,,,,,,,,
spring hvac maintenance palm desert,0,$0.00 ,0,,,,,,,,,,,,,,
spring hvac maintenance indian wells,0,$0.00 ,0,,,,,,,,,,,,,,
spring hvac maintenance la quinta,0,$0.00 ,0,,,,,,,,,,,,,,
spring hvac maintenance indio,0,$0.00 ,0,,,,,,,,,,,,,,
spring hvac maintenance coachella,0,$0.00 ,0,,,,,,,,,,,,,,
palm springs ac not cooling,0,$0.00 ,0,,,,,,,,,,,,,,
cathedral city ac not cooling,0,$0.00 ,0,,,,,,,,,,,,,,
rancho mirage ac not cooling,0,$0.00 ,0,,,,,,,,,,,,,,
palm desert ac not cooling,0,$0.00 ,0,,,,,,,,,,,,,,
indian wells ac not cooling,0,$0.00 ,0,,,,,,,,,,,,,,
la quinta ac not cooling,0,$0.00 ,0,,,,,,,,,,,,,,
indio ac not cooling,0,$0.00 ,0,,,,,,,,,,,,,,
coachella ac not cooling,0,$0.00 ,0,,,,,,,,,,,,,,
ac not cooling palm springs,0,$0.00 ,0,,,,,,,,,,,,,,
ac not cooling cathedral city,0,$0.00 ,0,,,,,,,,,,,,,,
ac not cooling rancho mirage,0,$0.00 ,0,,,,,,,,,,,,,,
ac not cooling palm desert,0,$0.00 ,0,,,,,,,,,,,,,,
ac not cooling indian wells,0,$0.00 ,0,,,,,,,,,,,,,,
ac not cooling la quinta,0,$0.00 ,0,,,,,,,,,,,,,,
ac not cooling indio,0,$0.00 ,0,,,,,,,,,,,,,,
ac not cooling coachella,0,$0.00 ,0,,,,,,,,,,,,,,
palm springs heater not working,0,$0.00 ,0,,,,,,,,,,,,,,
cathedral city heater not working,0,$0.00 ,0,,,,,,,,,,,,,,
rancho mirage heater not working,0,$0.00 ,0,,,,,,,,,,,,,,
palm desert heater not working,0,$0.00 ,0,,,,,,,,,,,,,,
indian wells heater not working,0,$0.00 ,0,,,,,,,,,,,,,,
la quinta heater not working,0,$0.00 ,0,,,,,,,,,,,,,,
indio heater not working,0,$0.00 ,0,,,,,,,,,,,,,,
coachella heater not working,0,$0.00 ,0,,,,,,,,,,,,,,
heater not working palm springs,0,$0.00 ,0,,,,,,,,,,,,,,
heater not working cathedral city,0,$0.00 ,0,,,,,,,,,,,,,,
heater not working rancho mirage,0,$0.00 ,0,,,,,,,,,,,,,,
heater not working palm desert,0,$0.00 ,0,,,,,,,,,,,,,,
heater not working indian wells,0,$0.00 ,0,,,,,,,,,,,,,,
heater not working la quinta,0,$0.00 ,0,,,,,,,,,,,,,,
heater not working indio,0,$0.00 ,0,,,,,,,,,,,,,,
heater not working coachella,0,$0.00 ,0,,,,,,,,,,,,,,
palm springs why is my ac blowing warm air,0,$0.00 ,0,,,,,,,,,,,,,,
cathedral city why is my ac blowing warm air,0,$0.00 ,0,,,,,,,,,,,,,,
rancho mirage why is my ac blowing warm air,0,$0.00 ,0,,,,,,,,,,,,,,
palm desert why is my ac blowing warm air,0,$0.00 ,0,,,,,,,,,,,,,,
indian wells why is my ac blowing warm air,0,$0.00 ,0,,,,,,,,,,,,,,
la quinta why is my ac blowing warm air,0,$0.00 ,0,,,,,,,,,,,,,,
indio why is my ac blowing warm air,0,$0.00 ,0,,,,,,,,,,,,,,
coachella why is my ac blowing warm air,0,$0.00 ,0,,,,,,,,,,,,,,
why is my ac blowing warm air palm springs,0,$0.00 ,0,,,,,,,,,,,,,,
why is my ac blowing warm air cathedral city,0,$0.00 ,0,,,,,,,,,,,,,,
why is my ac blowing warm air rancho mirage,0,$0.00 ,0,,,,,,,,,,,,,,
why is my ac blowing warm air palm desert,0,$0.00 ,0,,,,,,,,,,,,,,
why is my ac blowing warm air indian wells,0,$0.00 ,0,,,,,,,,,,,,,,
why is my ac blowing warm air la quinta,0,$0.00 ,0,,,,,,,,,,,,,,
why is my ac blowing warm air indio,0,$0.00 ,0,,,,,,,,,,,,,,
why is my ac blowing warm air coachella,0,$0.00 ,0,,,,,,,,,,,,,,
palm springs hvac repair,0,$0.00 ,0,,,,,,,,,,,,,,
cathedral city hvac repair,0,$0.00 ,0,,,,,,,,,,,,,,
rancho mirage hvac repair,0,$0.00 ,0,,,,,,,,,,,,,,
palm desert hvac repair,0,$0.00 ,0,,,,,,,,,,,,,,
indian wells hvac repair,0,$0.00 ,0,,,,,,,,,,,,,,
la quinta hvac repair,0,$0.00 ,0,,,,,,,,,,,,,,
indio hvac repair,0,$0.00 ,0,,,,,,,,,,,,,,
coachella hvac repair,0,$0.00 ,0,,,,,,,,,,,,,,
hvac repair rancho mirage,0,$0.00 ,0,,,,,,,,,,,,,,
hvac repair indian wells,0,$0.00 ,0,,,,,,,,,,,,,,
hvac repair coachella,0,$0.00 ,0,,,,,,,,,,,,,,
cathedral city ac repair,0,$0.00 ,0,,,,,,,,,,,,,,
rancho mirage ac repair,0,$0.00 ,0,,,,,,,,,,,,,,
indian wells ac repair,0,$0.00 ,0,,,,,,,,,,,,,,
la quinta ac repair,0,$0.00 ,0,,,,,,,,,,,,,,
coachella ac repair,0,$0.00 ,0,,,,,,,,,,,,,,
ac repair rancho mirage,0,$0.00 ,0,,,,,,,,,,,,,,
ac repair indian wells,0,$0.00 ,0,,,,,,,,,,,,,,
palm springs air conditioner service,0,$0.00 ,0,,,,,,,,,,,,,,
cathedral city air conditioner service,0,$0.00 ,0,,,,,,,,,,,,,,
rancho mirage air conditioner service,0,$0.00 ,0,,,,,,,,,,,,,,
palm desert air conditioner service,0,$0.00 ,0,,,,,,,,,,,,,,
indian wells air conditioner service,0,$0.00 ,0,,,,,,,,,,,,,,
la quinta air conditioner service,0,$0.00 ,0,,,,,,,,,,,,,,
indio air conditioner service,0,$0.00 ,0,,,,,,,,,,,,,,
coachella air conditioner service,0,$0.00 ,0,,,,,,,,,,,,,,
air conditioner service cathedral city,0,$0.00 ,0,,,,,,,,,,,,,,
air conditioner service rancho mirage,0,$0.00 ,0,,,,,,,,,,,,,,
air conditioner service indian wells,0,$0.00 ,0,,,,,,,,,,,,,,
air conditioner service coachella,0,$0.00 ,0,,,,,,,,,,,,,,
palm springs air conditioner repair,0,$0.00 ,0,,,,,,,,,,,,,,
cathedral city air conditioner repair,0,$0.00 ,0,,,,,,,,,,,,,,
rancho mirage air conditioner repair,0,$0.00 ,0,,,,,,,,,,,,,,
palm desert air conditioner repair,0,$0.00 ,0,,,,,,,,,,,,,,
indian wells air conditioner repair,0,$0.00 ,0,,,,,,,,,,,,,,
la quinta air conditioner repair,0,$0.00 ,0,,,,,,,,,,,,,,
coachella air conditioner repair,0,$0.00 ,0,,,,,,,,,,,,,,
air conditioner repair cathedral city,0,$0.00 ,0,,,,,,,,,,,,,,
air conditioner repair rancho mirage,0,$0.00 ,0,,,,,,,,,,,,,,
air conditioner repair indian wells,0,$0.00 ,0,,,,,,,,,,,,,,
air conditioner repair la quinta,0,$0.00 ,0,,,,,,,,,,,,,,
air conditioner repair coachella,0,$0.00 ,0,,,,,,,,,,,,,,
palm springs duct cleaning,0,$0.00 ,0,,,,,,,,,,,,,,
cathedral city duct cleaning,0,$0.00 ,0,,,,,,,,,,,,,,
rancho mirage duct cleaning,0,$0.00 ,0,,,,,,,,,,,,,,
indian wells duct cleaning,0,$0.00 ,0,,,,,,,,,,,,,,
la quinta duct cleaning,0,$0.00 ,0,,,,,,,,,,,,,,
indio duct cleaning,0,$0.00 ,0,,,,,,,,,,,,,,
coachella duct cleaning,0,$0.00 ,0,,,,,,,,,,,,,,
duct cleaning cathedral city,0,$0.00 ,0,,,,,,,,,,,,,,
duct cleaning rancho mirage,0,$0.00 ,0,,,,,,,,,,,,,,
duct cleaning indian wells,0,$0.00 ,0,,,,,,,,,,,,,,
duct cleaning la quinta,0,$0.00 ,0,,,,,,,,,,,,,,
duct cleaning indio,0,$0.00 ,0,,,,,,,,,,,,,,
duct cleaning coachella,0,$0.00 ,0,,,,,,,,,,,,,,
palm springs furnace repair,0,$0.00 ,0,,,,,,,,,,,,,,
cathedral city furnace repair,0,$0.00 ,0,,,,,,,,,,,,,,
rancho mirage furnace repair,0,$0.00 ,0,,,,,,,,,,,,,,
indian wells furnace repair,0,$0.00 ,0,,,,,,,,,,,,,,
la quinta furnace repair,0,$0.00 ,0,,,,,,,,,,,,,,
indio furnace repair,0,$0.00 ,0,,,,,,,,,,,,,,
palm springs emergency hvac services,0,$0.00 ,0,,,,,,,,,,,,,,
cathedral city emergency hvac services,0,$0.00 ,0,,,,,,,,,,,,,,
rancho mirage emergency hvac services,0,$0.00 ,0,,,,,,,,,,,,,,
palm desert emergency hvac services,0,$0.00 ,0,,,,,,,,,,,,,,
indian wells emergency hvac services,0,$0.00 ,0,,,,,,,,,,,,,,
la quinta emergency hvac services,0,$0.00 ,0,,,,,,,,,,,,,,
indio emergency hvac services,0,$0.00 ,0,,,,,,,,,,,,,,
coachella emergency hvac services,0,$0.00 ,0,,,,,,,,,,,,,,
emergency hvac services palm springs,0,$0.00 ,0,,,,,,,,,,,,,,
emergency hvac services cathedral city,0,$0.00 ,0,,,,,,,,,,,,,,
emergency hvac services rancho mirage,0,$0.00 ,0,,,,,,,,,,,,,,
emergency hvac services palm desert,0,$0.00 ,0,,,,,,,,,,,,,,
emergency hvac services indian wells,0,$0.00 ,0,,,,,,,,,,,,,,
emergency hvac services la quinta,0,$0.00 ,0,,,,,,,,,,,,,,
emergency hvac services indio,0,$0.00 ,0,,,,,,,,,,,,,,
emergency hvac services coachella,0,$0.00 ,0,,,,,,,,,,,,,,
palm springs emergency heating repair,0,$0.00 ,0,,,,,,,,,,,,,,
cathedral city emergency heating repair,0,$0.00 ,0,,,,,,,,,,,,,,
rancho mirage emergency heating repair,0,$0.00 ,0,,,,,,,,,,,,,,
palm desert emergency heating repair,0,$0.00 ,0,,,,,,,,,,,,,,
indian wells emergency heating repair,0,$0.00 ,0,,,,,,,,,,,,,,
la quinta emergency heating repair,0,$0.00 ,0,,,,,,,,,,,,,,
indio emergency heating repair,0,$0.00 ,0,,,,,,,,,,,,,,
coachella emergency heating repair,0,$0.00 ,0,,,,,,,,,,,,,,
emergency heating repair palm springs,0,$0.00 ,0,,,,,,,,,,,,,,
emergency heating repair cathedral city,0,$0.00 ,0,,,,,,,,,,,,,,
emergency heating repair rancho mirage,0,$0.00 ,0,,,,,,,,,,,,,,
emergency heating repair palm desert,0,$0.00 ,0,,,,,,,,,,,,,,
emergency heating repair indian wells,0,$0.00 ,0,,,,,,,,,,,,,,
emergency heating repair la quinta,0,$0.00 ,0,,,,,,,,,,,,,,
emergency heating repair indio,0,$0.00 ,0,,,,,,,,,,,,,,
emergency heating repair coachella,0,$0.00 ,0,,,,,,,,,,,,,,
palm springs emergency air conditioning repair,0,$0.00 ,0,,,,,,,,,,,,,,
cathedral city emergency air conditioning repair,0,$0.00 ,0,,,,,,,,,,,,,,
rancho mirage emergency air conditioning repair,0,$0.00 ,0,,,,,,,,,,,,,,
palm desert emergency air conditioning repair,0,$0.00 ,0,,,,,,,,,,,,,,
indian wells emergency air conditioning repair,0,$0.00 ,0,,,,,,,,,,,,,,
la quinta emergency air conditioning repair,0,$0.00 ,0,,,,,,,,,,,,,,
indio emergency air conditioning repair,0,$0.00 ,0,,,,,,,,,,,,,,
coachella emergency air conditioning repair,0,$0.00 ,0,,,,,,,,,,,,,,
emergency air conditioning repair cathedral city,0,$0.00 ,0,,,,,,,,,,,,,,
emergency air conditioning repair rancho mirage,0,$0.00 ,0,,,,,,,,,,,,,,
emergency air conditioning repair palm desert,0,$0.00 ,0,,,,,,,,,,,,,,
emergency air conditioning repair indian wells,0,$0.00 ,0,,,,,,,,,,,,,,
emergency air conditioning repair la quinta,0,$0.00 ,0,,,,,,,,,,,,,,
emergency air conditioning repair indio,0,$0.00 ,0,,,,,,,,,,,,,,
emergency air conditioning repair coachella,0,$0.00 ,0,,,,,,,,,,,,,,
palm springs same day ac repair,0,$0.00 ,0,,,,,,,,,,,,,,
cathedral city same day ac repair,0,$0.00 ,0,,,,,,,,,,,,,,
rancho mirage same day ac repair,0,$0.00 ,0,,,,,,,,,,,,,,
palm desert same day ac repair,0,$0.00 ,0,,,,,,,,,,,,,,
indian wells same day ac repair,0,$0.00 ,0,,,,,,,,,,,,,,
la quinta same day ac repair,0,$0.00 ,0,,,,,,,,,,,,,,
indio same day ac repair,0,$0.00 ,0,,,,,,,,,,,,,,
coachella same day ac repair,0,$0.00 ,0,,,,,,,,,,,,,,
same day ac repair palm springs,0,$0.00 ,0,,,,,,,,,,,,,,
same day ac repair cathedral city,0,$0.00 ,0,,,,,,,,,,,,,,
same day ac repair rancho mirage,0,$0.00 ,0,,,,,,,,,,,,,,
same day ac repair palm desert,0,$0.00 ,0,,,,,,,,,,,,,,
same day ac repair indian wells,0,$0.00 ,0,,,,,,,,,,,,,,
same day ac repair la quinta,0,$0.00 ,0,,,,,,,,,,,,,,
same day ac repair indio,0,$0.00 ,0,,,,,,,,,,,,,,
same day ac repair coachella,0,$0.00 ,0,,,,,,,,,,,,,,
palm springs 247 hvac service,0,$0.00 ,0,,,,,,,,,,,,,,
cathedral city 247 hvac service,0,$0.00 ,0,,,,,,,,,,,,,,
rancho mirage 247 hvac service,0,$0.00 ,0,,,,,,,,,,,,,,
palm desert 247 hvac service,0,$0.00 ,0,,,,,,,,,,,,,,
indian wells 247 hvac service,0,$0.00 ,0,,,,,,,,,,,,,,
la quinta 247 hvac service,0,$0.00 ,0,,,,,,,,,,,,,,
indio 247 hvac service,0,$0.00 ,0,,,,,,,,,,,,,,
coachella 247 hvac service,0,$0.00 ,0,,,,,,,,,,,,,,
247 hvac service palm springs,0,$0.00 ,0,,,,,,,,,,,,,,
247 hvac service cathedral city,0,$0.00 ,0,,,,,,,,,,,,,,
247 hvac service rancho mirage,0,$0.00 ,0,,,,,,,,,,,,,,
247 hvac service palm desert,0,$0.00 ,0,,,,,,,,,,,,,,
247 hvac service indian wells,0,$0.00 ,0,,,,,,,,,,,,,,
247 hvac service la quinta,0,$0.00 ,0,,,,,,,,,,,,,,
247 hvac service indio,0,$0.00 ,0,,,,,,,,,,,,,,
247 hvac service coachella,0,$0.00 ,0,,,,,,,,,,,,,,
palm springs 24 hour emergency hvac service,0,$0.00 ,0,,,,,,,,,,,,,,
cathedral city 24 hour emergency hvac service,0,$0.00 ,0,,,,,,,,,,,,,,
rancho mirage 24 hour emergency hvac service,0,$0.00 ,0,,,,,,,,,,,,,,
palm desert 24 hour emergency hvac service,0,$0.00 ,0,,,,,,,,,,,,,,
indian wells 24 hour emergency hvac service,0,$0.00 ,0,,,,,,,,,,,,,,
la quinta 24 hour emergency hvac service,0,$0.00 ,0,,,,,,,,,,,,,,
indio 24 hour emergency hvac service,0,$0.00 ,0,,,,,,,,,,,,,,
coachella 24 hour emergency hvac service,0,$0.00 ,0,,,,,,,,,,,,,,
24 hour emergency hvac service palm springs,0,$0.00 ,0,,,,,,,,,,,,,,
24 hour emergency hvac service cathedral city,0,$0.00 ,0,,,,,,,,,,,,,,
24 hour emergency hvac service rancho mirage,0,$0.00 ,0,,,,,,,,,,,,,,
24 hour emergency hvac service palm desert,0,$0.00 ,0,,,,,,,,,,,,,,
24 hour emergency hvac service indian wells,0,$0.00 ,0,,,,,,,,,,,,,,
24 hour emergency hvac service la quinta,0,$0.00 ,0,,,,,,,,,,,,,,
24 hour emergency hvac service indio,0,$0.00 ,0,,,,,,,,,,,,,,
24 hour emergency hvac service coachella,0,$0.00 ,0,,,,,,,,,,,,,,
palm springs urgent hvac repair,0,$0.00 ,0,,,,,,,,,,,,,,
cathedral city urgent hvac repair,0,$0.00 ,0,,,,,,,,,,,,,,
rancho mirage urgent hvac repair,0,$0.00 ,0,,,,,,,,,,,,,,
palm desert urgent hvac repair,0,$0.00 ,0,,,,,,,,,,,,,,
indian wells urgent hvac repair,0,$0.00 ,0,,,,,,,,,,,,,,
la quinta urgent hvac repair,0,$0.00 ,0,,,,,,,,,,,,,,
indio urgent hvac repair,0,$0.00 ,0,,,,,,,,,,,,,,
coachella urgent hvac repair,0,$0.00 ,0,,,,,,,,,,,,,,
urgent hvac repair palm springs,0,$0.00 ,0,,,,,,,,,,,,,,
urgent hvac repair cathedral city,0,$0.00 ,0,,,,,,,,,,,,,,
urgent hvac repair rancho mirage,0,$0.00 ,0,,,,,,,,,,,,,,
urgent hvac repair palm desert,0,$0.00 ,0,,,,,,,,,,,,,,
urgent hvac repair indian wells,0,$0.00 ,0,,,,,,,,,,,,,,
urgent hvac repair la quinta,0,$0.00 ,0,,,,,,,,,,,,,,
urgent hvac repair indio,0,$0.00 ,0,,,,,,,,,,,,,,
urgent hvac repair coachella,0,$0.00 ,0,,,,,,,,,,,,,,
palm springs after hours furnace repair,0,$0.00 ,0,,,,,,,,,,,,,,
cathedral city after hours furnace repair,0,$0.00 ,0,,,,,,,,,,,,,,
rancho mirage after hours furnace repair,0,$0.00 ,0,,,,,,,,,,,,,,
palm desert after hours furnace repair,0,$0.00 ,0,,,,,,,,,,,,,,
indian wells after hours furnace repair,0,$0.00 ,0,,,,,,,,,,,,,,
la quinta after hours furnace repair,0,$0.00 ,0,,,,,,,,,,,,,,
indio after hours furnace repair,0,$0.00 ,0,,,,,,,,,,,,,,
coachella after hours furnace repair,0,$0.00 ,0,,,,,,,,,,,,,,
after hours furnace repair palm springs,0,$0.00 ,0,,,,,,,,,,,,,,
after hours furnace repair cathedral city,0,$0.00 ,0,,,,,,,,,,,,,,
after hours furnace repair rancho mirage,0,$0.00 ,0,,,,,,,,,,,,,,
after hours furnace repair palm desert,0,$0.00 ,0,,,,,,,,,,,,,,
after hours furnace repair indian wells,0,$0.00 ,0,,,,,,,,,,,,,,
after hours furnace repair la quinta,0,$0.00 ,0,,,,,,,,,,,,,,
after hours furnace repair indio,0,$0.00 ,0,,,,,,,,,,,,,,
after hours furnace repair coachella,0,$0.00 ,0,,,,,,,,,,,,,,
palm springs immediate air conditioner fix,0,$0.00 ,0,,,,,,,,,,,,,,
cathedral city immediate air conditioner fix,0,$0.00 ,0,,,,,,,,,,,,,,
rancho mirage immediate air conditioner fix,0,$0.00 ,0,,,,,,,,,,,,,,
palm desert immediate air conditioner fix,0,$0.00 ,0,,,,,,,,,,,,,,
indian wells immediate air conditioner fix,0,$0.00 ,0,,,,,,,,,,,,,,
la quinta immediate air conditioner fix,0,$0.00 ,0,,,,,,,,,,,,,,
indio immediate air conditioner fix,0,$0.00 ,0,,,,,,,,,,,,,,
coachella immediate air conditioner fix,0,$0.00 ,0,,,,,,,,,,,,,,
immediate air conditioner fix palm springs,0,$0.00 ,0,,,,,,,,,,,,,,
immediate air conditioner fix cathedral city,0,$0.00 ,0,,,,,,,,,,,,,,
immediate air conditioner fix rancho mirage,0,$0.00 ,0,,,,,,,,,,,,,,
immediate air conditioner fix palm desert,0,$0.00 ,0,,,,,,,,,,,,,,
immediate air conditioner fix indian wells,0,$0.00 ,0,,,,,,,,,,,,,,
immediate air conditioner fix la quinta,0,$0.00 ,0,,,,,,,,,,,,,,
immediate air conditioner fix indio,0,$0.00 ,0,,,,,,,,,,,,,,
immediate air conditioner fix coachella,0,$0.00 ,0,,,,,,,,,,,,,,
palm springs fast hvac service,0,$0.00 ,0,,,,,,,,,,,,,,
cathedral city fast hvac service,0,$0.00 ,0,,,,,,,,,,,,,,
rancho mirage fast hvac service,0,$0.00 ,0,,,,,,,,,,,,,,
palm desert fast hvac service,0,$0.00 ,0,,,,,,,,,,,,,,
indian wells fast hvac service,0,$0.00 ,0,,,,,,,,,,,,,,
la quinta fast hvac service,0,$0.00 ,0,,,,,,,,,,,,,,
indio fast hvac service,0,$0.00 ,0,,,,,,,,,,,,,,
coachella fast hvac service,0,$0.00 ,0,,,,,,,,,,,,,,
fast hvac service palm springs,0,$0.00 ,0,,,,,,,,,,,,,,
fast hvac service cathedral city,0,$0.00 ,0,,,,,,,,,,,,,,
fast hvac service rancho mirage,0,$0.00 ,0,,,,,,,,,,,,,,
fast hvac service palm desert,0,$0.00 ,0,,,,,,,,,,,,,,
fast hvac service indian wells,0,$0.00 ,0,,,,,,,,,,,,,,
fast hvac service la quinta,0,$0.00 ,0,,,,,,,,,,,,,,
fast hvac service indio,0,$0.00 ,0,,,,,,,,,,,,,,
fast hvac service coachella,0,$0.00 ,0,,,,,,,,,,,,,,
palm springs weekend furnace repair,0,$0.00 ,0,,,,,,,,,,,,,,
cathedral city weekend furnace repair,0,$0.00 ,0,,,,,,,,,,,,,,
rancho mirage weekend furnace repair,0,$0.00 ,0,,,,,,,,,,,,,,
palm desert weekend furnace repair,0,$0.00 ,0,,,,,,,,,,,,,,
indian wells weekend furnace repair,0,$0.00 ,0,,,,,,,,,,,,,,
la quinta weekend furnace repair,0,$0.00 ,0,,,,,,,,,,,,,,
indio weekend furnace repair,0,$0.00 ,0,,,,,,,,,,,,,,
coachella weekend furnace repair,0,$0.00 ,0,,,,,,,,,,,,,,
weekend furnace repair palm springs,0,$0.00 ,0,,,,,,,,,,,,,,
weekend furnace repair cathedral city,0,$0.00 ,0,,,,,,,,,,,,,,
weekend furnace repair rancho mirage,0,$0.00 ,0,,,,,,,,,,,,,,
weekend furnace repair palm desert,0,$0.00 ,0,,,,,,,,,,,,,,
weekend furnace repair indian wells,0,$0.00 ,0,,,,,,,,,,,,,,
weekend furnace repair la quinta,0,$0.00 ,0,,,,,,,,,,,,,,
weekend furnace repair indio,0,$0.00 ,0,,,,,,,,,,,,,,
weekend furnace repair coachella,0,$0.00 ,0,,,,,,,,,,,,,,
palm springs emergency hvac near me,0,$0.00 ,0,,,,,,,,,,,,,,
cathedral city emergency hvac near me,0,$0.00 ,0,,,,,,,,,,,,,,
rancho mirage emergency hvac near me,0,$0.00 ,0,,,,,,,,,,,,,,
palm desert emergency hvac near me,0,$0.00 ,0,,,,,,,,,,,,,,
indian wells emergency hvac near me,0,$0.00 ,0,,,,,,,,,,,,,,
la quinta emergency hvac near me,0,$0.00 ,0,,,,,,,,,,,,,,
indio emergency hvac near me,0,$0.00 ,0,,,,,,,,,,,,,,
coachella emergency hvac near me,0,$0.00 ,0,,,,,,,,,,,,,,
emergency hvac near me palm springs,0,$0.00 ,0,,,,,,,,,,,,,,
emergency hvac near me cathedral city,0,$0.00 ,0,,,,,,,,,,,,,,
emergency hvac near me rancho mirage,0,$0.00 ,0,,,,,,,,,,,,,,
emergency hvac near me palm desert,0,$0.00 ,0,,,,,,,,,,,,,,
emergency hvac near me indian wells,0,$0.00 ,0,,,,,,,,,,,,,,
emergency hvac near me la quinta,0,$0.00 ,0,,,,,,,,,,,,,,
emergency hvac near me indio,0,$0.00 ,0,,,,,,,,,,,,,,
emergency hvac near me coachella,0,$0.00 ,0,,,,,,,,,,,,,,
palm springs emergency hvac contractor,0,$0.00 ,0,,,,,,,,,,,,,,
cathedral city emergency hvac contractor,0,$0.00 ,0,,,,,,,,,,,,,,
rancho mirage emergency hvac contractor,0,$0.00 ,0,,,,,,,,,,,,,,
palm desert emergency hvac contractor,0,$0.00 ,0,,,,,,,,,,,,,,
indian wells emergency hvac contractor,0,$0.00 ,0,,,,,,,,,,,,,,
la quinta emergency hvac contractor,0,$0.00 ,0,,,,,,,,,,,,,,
indio emergency hvac contractor,0,$0.00 ,0,,,,,,,,,,,,,,
coachella emergency hvac contractor,0,$0.00 ,0,,,,,,,,,,,,,,
emergency hvac contractor palm springs,0,$0.00 ,0,,,,,,,,,,,,,,
emergency hvac contractor cathedral city,0,$0.00 ,0,,,,,,,,,,,,,,
emergency hvac contractor rancho mirage,0,$0.00 ,0,,,,,,,,,,,,,,
emergency hvac contractor palm desert,0,$0.00 ,0,,,,,,,,,,,,,,
emergency hvac contractor indian wells,0,$0.00 ,0,,,,,,,,,,,,,,
emergency hvac contractor la quinta,0,$0.00 ,0,,,,,,,,,,,,,,
emergency hvac contractor indio,0,$0.00 ,0,,,,,,,,,,,,,,
emergency hvac contractor coachella,0,$0.00 ,0,,,,,,,,,,,,,,
palm springs hvac emergency service,0,$0.00 ,0,,,,,,,,,,,,,,
cathedral city hvac emergency service,0,$0.00 ,0,,,,,,,,,,,,,,
rancho mirage hvac emergency service,0,$0.00 ,0,,,,,,,,,,,,,,
palm desert hvac emergency service,0,$0.00 ,0,,,,,,,,,,,,,,
indian wells hvac emergency service,0,$0.00 ,0,,,,,,,,,,,,,,
la quinta hvac emergency service,0,$0.00 ,0,,,,,,,,,,,,,,
indio hvac emergency service,0,$0.00 ,0,,,,,,,,,,,,,,
coachella hvac emergency service,0,$0.00 ,0,,,,,,,,,,,,,,
hvac emergency service palm springs,0,$0.00 ,0,,,,,,,,,,,,,,
hvac emergency service cathedral city,0,$0.00 ,0,,,,,,,,,,,,,,
hvac emergency service rancho mirage,0,$0.00 ,0,,,,,,,,,,,,,,
hvac emergency service palm desert,0,$0.00 ,0,,,,,,,,,,,,,,
hvac emergency service indian wells,0,$0.00 ,0,,,,,,,,,,,,,,
hvac emergency service la quinta,0,$0.00 ,0,,,,,,,,,,,,,,
hvac emergency service indio,0,$0.00 ,0,,,,,,,,,,,,,,
hvac emergency service coachella,0,$0.00 ,0,,,,,,,,,,,,,,
palm springs late night emergency ac service,0,$0.00 ,0,,,,,,,,,,,,,,
cathedral city late night emergency ac service,0,$0.00 ,0,,,,,,,,,,,,,,
rancho mirage late night emergency ac service,0,$0.00 ,0,,,,,,,,,,,,,,
palm desert late night emergency ac service,0,$0.00 ,0,,,,,,,,,,,,,,
indian wells late night emergency ac service,0,$0.00 ,0,,,,,,,,,,,,,,
la quinta late night emergency ac service,0,$0.00 ,0,,,,,,,,,,,,,,
indio late night emergency ac service,0,$0.00 ,0,,,,,,,,,,,,,,
coachella late night emergency ac service,0,$0.00 ,0,,,,,,,,,,,,,,
late night emergency ac service palm springs,0,$0.00 ,0,,,,,,,,,,,,,,
late night emergency ac service cathedral city,0,$0.00 ,0,,,,,,,,,,,,,,
late night emergency ac service rancho mirage,0,$0.00 ,0,,,,,,,,,,,,,,
late night emergency ac service palm desert,0,$0.00 ,0,,,,,,,,,,,,,,
late night emergency ac service indian wells,0,$0.00 ,0,,,,,,,,,,,,,,
late night emergency ac service la quinta,0,$0.00 ,0,,,,,,,,,,,,,,
late night emergency ac service indio,0,$0.00 ,0,,,,,,,,,,,,,,
late night emergency ac service coachella,0,$0.00 ,0,,,,,,,,,,,,,,
palm springs urgent furnace repair,0,$0.00 ,0,,,,,,,,,,,,,,
cathedral city urgent furnace repair,0,$0.00 ,0,,,,,,,,,,,,,,
rancho mirage urgent furnace repair,0,$0.00 ,0,,,,,,,,,,,,,,
palm desert urgent furnace repair,0,$0.00 ,0,,,,,,,,,,,,,,
indian wells urgent furnace repair,0,$0.00 ,0,,,,,,,,,,,,,,
la quinta urgent furnace repair,0,$0.00 ,0,,,,,,,,,,,,,,
indio urgent furnace repair,0,$0.00 ,0,,,,,,,,,,,,,,
coachella urgent furnace repair,0,$0.00 ,0,,,,,,,,,,,,,,
urgent furnace repair palm springs,0,$0.00 ,0,,,,,,,,,,,,,,
urgent furnace repair cathedral city,0,$0.00 ,0,,,,,,,,,,,,,,
urgent furnace repair rancho mirage,0,$0.00 ,0,,,,,,,,,,,,,,
urgent furnace repair palm desert,0,$0.00 ,0,,,,,,,,,,,,,,
urgent furnace repair indian wells,0,$0.00 ,0,,,,,,,,,,,,,,
urgent furnace repair la quinta,0,$0.00 ,0,,,,,,,,,,,,,,
urgent furnace repair indio,0,$0.00 ,0,,,,,,,,,,,,,,
urgent furnace repair coachella,0,$0.00 ,0,,,,,,,,,,,,,,
palm springs immediate hvac service,0,$0.00 ,0,,,,,,,,,,,,,,
cathedral city immediate hvac service,0,$0.00 ,0,,,,,,,,,,,,,,
rancho mirage immediate hvac service,0,$0.00 ,0,,,,,,,,,,,,,,
palm desert immediate hvac service,0,$0.00 ,0,,,,,,,,,,,,,,
indian wells immediate hvac service,0,$0.00 ,0,,,,,,,,,,,,,,
la quinta immediate hvac service,0,$0.00 ,0,,,,,,,,,,,,,,
indio immediate hvac service,0,$0.00 ,0,,,,,,,,,,,,,,
coachella immediate hvac service,0,$0.00 ,0,,,,,,,,,,,,,,
immediate hvac service palm springs,0,$0.00 ,0,,,,,,,,,,,,,,
immediate hvac service cathedral city,0,$0.00 ,0,,,,,,,,,,,,,,
immediate hvac service rancho mirage,0,$0.00 ,0,,,,,,,,,,,,,,
immediate hvac service palm desert,0,$0.00 ,0,,,,,,,,,,,,,,
immediate hvac service indian wells,0,$0.00 ,0,,,,,,,,,,,,,,
immediate hvac service la quinta,0,$0.00 ,0,,,,,,,,,,,,,,
immediate hvac service indio,0,$0.00 ,0,,,,,,,,,,,,,,
immediate hvac service coachella,0,$0.00 ,0,,,,,,,,,,,,,,
palm springs fast air conditioning repair near me,0,$0.00 ,0,,,,,,,,,,,,,,
cathedral city fast air conditioning repair near me,0,$0.00 ,0,,,,,,,,,,,,,,
rancho mirage fast air conditioning repair near me,0,$0.00 ,0,,,,,,,,,,,,,,
palm desert fast air conditioning repair near me,0,$0.00 ,0,,,,,,,,,,,,,,
indian wells fast air conditioning repair near me,0,$0.00 ,0,,,,,,,,,,,,,,
la quinta fast air conditioning repair near me,0,$0.00 ,0,,,,,,,,,,,,,,
indio fast air conditioning repair near me,0,$0.00 ,0,,,,,,,,,,,,,,
coachella fast air conditioning repair near me,0,$0.00 ,0,,,,,,,,,,,,,,
fast air conditioning repair near me palm springs,0,$0.00 ,0,,,,,,,,,,,,,,
fast air conditioning repair near me cathedral city,0,$0.00 ,0,,,,,,,,,,,,,,
fast air conditioning repair near me rancho mirage,0,$0.00 ,0,,,,,,,,,,,,,,
fast air conditioning repair near me palm desert,0,$0.00 ,0,,,,,,,,,,,,,,
fast air conditioning repair near me indian wells,0,$0.00 ,0,,,,,,,,,,,,,,
fast air conditioning repair near me la quinta,0,$0.00 ,0,,,,,,,,,,,,,,
fast air conditioning repair near me indio,0,$0.00 ,0,,,,,,,,,,,,,,
fast air conditioning repair near me coachella,0,$0.00 ,0,,,,,,,,,,,,,,
palm springs no heat emergency service,0,$0.00 ,0,,,,,,,,,,,,,,
cathedral city no heat emergency service,0,$0.00 ,0,,,,,,,,,,,,,,
rancho mirage no heat emergency service,0,$0.00 ,0,,,,,,,,,,,,,,
palm desert no heat emergency service,0,$0.00 ,0,,,,,,,,,,,,,,
indian wells no heat emergency service,0,$0.00 ,0,,,,,,,,,,,,,,
la quinta no heat emergency service,0,$0.00 ,0,,,,,,,,,,,,,,
indio no heat emergency service,0,$0.00 ,0,,,,,,,,,,,,,,
coachella no heat emergency service,0,$0.00 ,0,,,,,,,,,,,,,,
no heat emergency service palm springs,0,$0.00 ,0,,,,,,,,,,,,,,
no heat emergency service cathedral city,0,$0.00 ,0,,,,,,,,,,,,,,
no heat emergency service rancho mirage,0,$0.00 ,0,,,,,,,,,,,,,,
no heat emergency service palm desert,0,$0.00 ,0,,,,,,,,,,,,,,
no heat emergency service indian wells,0,$0.00 ,0,,,,,,,,,,,,,,
no heat emergency service la quinta,0,$0.00 ,0,,,,,,,,,,,,,,
no heat emergency service indio,0,$0.00 ,0,,,,,,,,,,,,,,
no heat emergency service coachella,0,$0.00 ,0,,,,,,,,,,,,,,
palm springs ac stopped working in,0,$0.00 ,0,,,,,,,,,,,,,,
cathedral city ac stopped working in,0,$0.00 ,0,,,,,,,,,,,,,,
rancho mirage ac stopped working in,0,$0.00 ,0,,,,,,,,,,,,,,
palm desert ac stopped working in,0,$0.00 ,0,,,,,,,,,,,,,,
indian wells ac stopped working in,0,$0.00 ,0,,,,,,,,,,,,,,
la quinta ac stopped working in,0,$0.00 ,0,,,,,,,,,,,,,,
indio ac stopped working in,0,$0.00 ,0,,,,,,,,,,,,,,
coachella ac stopped working in,0,$0.00 ,0,,,,,,,,,,,,,,
ac stopped working in palm springs,0,$0.00 ,0,,,,,,,,,,,,,,
ac stopped working in cathedral city,0,$0.00 ,0,,,,,,,,,,,,,,
ac stopped working in rancho mirage,0,$0.00 ,0,,,,,,,,,,,,,,
ac stopped working in palm desert,0,$0.00 ,0,,,,,,,,,,,,,,
ac stopped working in indian wells,0,$0.00 ,0,,,,,,,,,,,,,,
ac stopped working in la quinta,0,$0.00 ,0,,,,,,,,,,,,,,
ac stopped working in indio,0,$0.00 ,0,,,,,,,,,,,,,,
ac stopped working in coachella,0,$0.00 ,0,,,,,,,,,,,,,,
palm springs after hours ac service,0,$0.00 ,0,,,,,,,,,,,,,,
cathedral city after hours ac service,0,$0.00 ,0,,,,,,,,,,,,,,
rancho mirage after hours ac service,0,$0.00 ,0,,,,,,,,,,,,,,
palm desert after hours ac service,0,$0.00 ,0,,,,,,,,,,,,,,
indian wells after hours ac service,0,$0.00 ,0,,,,,,,,,,,,,,
la quinta after hours ac service,0,$0.00 ,0,,,,,,,,,,,,,,
indio after hours ac service,0,$0.00 ,0,,,,,,,,,,,,,,
coachella after hours ac service,0,$0.00 ,0,,,,,,,,,,,,,,
after hours ac service palm springs,0,$0.00 ,0,,,,,,,,,,,,,,
after hours ac service cathedral city,0,$0.00 ,0,,,,,,,,,,,,,,
after hours ac service rancho mirage,0,$0.00 ,0,,,,,,,,,,,,,,
after hours ac service palm desert,0,$0.00 ,0,,,,,,,,,,,,,,
after hours ac service indian wells,0,$0.00 ,0,,,,,,,,,,,,,,
after hours ac service la quinta,0,$0.00 ,0,,,,,,,,,,,,,,
after hours ac service indio,0,$0.00 ,0,,,,,,,,,,,,,,
after hours ac service coachella,0,$0.00 ,0,,,,,,,,,,,,,,
palm springs hvac repair open now,0,$0.00 ,0,,,,,,,,,,,,,,
cathedral city hvac repair open now,0,$0.00 ,0,,,,,,,,,,,,,,
rancho mirage hvac repair open now,0,$0.00 ,0,,,,,,,,,,,,,,
palm desert hvac repair open now,0,$0.00 ,0,,,,,,,,,,,,,,
indian wells hvac repair open now,0,$0.00 ,0,,,,,,,,,,,,,,
la quinta hvac repair open now,0,$0.00 ,0,,,,,,,,,,,,,,
indio hvac repair open now,0,$0.00 ,0,,,,,,,,,,,,,,
coachella hvac repair open now,0,$0.00 ,0,,,,,,,,,,,,,,
hvac repair open now palm springs,0,$0.00 ,0,,,,,,,,,,,,,,
hvac repair open now cathedral city,0,$0.00 ,0,,,,,,,,,,,,,,
hvac repair open now rancho mirage,0,$0.00 ,0,,,,,,,,,,,,,,
hvac repair open now palm desert,0,$0.00 ,0,,,,,,,,,,,,,,
hvac repair open now indian wells,0,$0.00 ,0,,,,,,,,,,,,,,
hvac repair open now la quinta,0,$0.00 ,0,,,,,,,,,,,,,,
hvac repair open now indio,0,$0.00 ,0,,,,,,,,,,,,,,
hvac repair open now coachella,0,$0.00 ,0,,,,,,,,,,,,,,
palm springs quick furnace repair,0,$0.00 ,0,,,,,,,,,,,,,,
cathedral city quick furnace repair,0,$0.00 ,0,,,,,,,,,,,,,,
rancho mirage quick furnace repair,0,$0.00 ,0,,,,,,,,,,,,,,
palm desert quick furnace repair,0,$0.00 ,0,,,,,,,,,,,,,,
indian wells quick furnace repair,0,$0.00 ,0,,,,,,,,,,,,,,
la quinta quick furnace repair,0,$0.00 ,0,,,,,,,,,,,,,,
indio quick furnace repair,0,$0.00 ,0,,,,,,,,,,,,,,
coachella quick furnace repair,0,$0.00 ,0,,,,,,,,,,,,,,
quick furnace repair palm springs,0,$0.00 ,0,,,,,,,,,,,,,,
quick furnace repair cathedral city,0,$0.00 ,0,,,,,,,,,,,,,,
quick furnace repair rancho mirage,0,$0.00 ,0,,,,,,,,,,,,,,
quick furnace repair palm desert,0,$0.00 ,0,,,,,,,,,,,,,,
quick furnace repair indian wells,0,$0.00 ,0,,,,,,,,,,,,,,
quick furnace repair la quinta,0,$0.00 ,0,,,,,,,,,,,,,,
quick furnace repair indio,0,$0.00 ,0,,,,,,,,,,,,,,
quick furnace repair coachella,0,$0.00 ,0,,,,,,,,,,,,,,
palm springs hvac repair for storm damage,0,$0.00 ,0,,,,,,,,,,,,,,
cathedral city hvac repair for storm damage,0,$0.00 ,0,,,,,,,,,,,,,,
rancho mirage hvac repair for storm damage,0,$0.00 ,0,,,,,,,,,,,,,,
palm desert hvac repair for storm damage,0,$0.00 ,0,,,,,,,,,,,,,,
indian wells hvac repair for storm damage,0,$0.00 ,0,,,,,,,,,,,,,,
la quinta hvac repair for storm damage,0,$0.00 ,0,,,,,,,,,,,,,,
indio hvac repair for storm damage,0,$0.00 ,0,,,,,,,,,,,,,,
coachella hvac repair for storm damage,0,$0.00 ,0,,,,,,,,,,,,,,
hvac repair for storm damage palm springs,0,$0.00 ,0,,,,,,,,,,,,,,
hvac repair for storm damage cathedral city,0,$0.00 ,0,,,,,,,,,,,,,,
hvac repair for storm damage rancho mirage,0,$0.00 ,0,,,,,,,,,,,,,,
hvac repair for storm damage palm desert,0,$0.00 ,0,,,,,,,,,,,,,,
hvac repair for storm damage indian wells,0,$0.00 ,0,,,,,,,,,,,,,,
hvac repair for storm damage la quinta,0,$0.00 ,0,,,,,,,,,,,,,,
hvac repair for storm damage indio,0,$0.00 ,0,,,,,,,,,,,,,,
hvac repair for storm damage coachella,0,$0.00 ,0,,,,,,,,,,,,,,
palm springs furnace not working during snowstorm,0,$0.00 ,0,,,,,,,,,,,,,,
cathedral city furnace not working during snowstorm,0,$0.00 ,0,,,,,,,,,,,,,,
rancho mirage furnace not working during snowstorm,0,$0.00 ,0,,,,,,,,,,,,,,
palm desert furnace not working during snowstorm,0,$0.00 ,0,,,,,,,,,,,,,,
indian wells furnace not working during snowstorm,0,$0.00 ,0,,,,,,,,,,,,,,
la quinta furnace not working during snowstorm,0,$0.00 ,0,,,,,,,,,,,,,,
indio furnace not working during snowstorm,0,$0.00 ,0,,,,,,,,,,,,,,
coachella furnace not working during snowstorm,0,$0.00 ,0,,,,,,,,,,,,,,
furnace not working during snowstorm palm springs,0,$0.00 ,0,,,,,,,,,,,,,,
furnace not working during snowstorm cathedral city,0,$0.00 ,0,,,,,,,,,,,,,,
furnace not working during snowstorm rancho mirage,0,$0.00 ,0,,,,,,,,,,,,,,
furnace not working during snowstorm palm desert,0,$0.00 ,0,,,,,,,,,,,,,,
furnace not working during snowstorm indian wells,0,$0.00 ,0,,,,,,,,,,,,,,
furnace not working during snowstorm la quinta,0,$0.00 ,0,,,,,,,,,,,,,,
furnace not working during snowstorm indio,0,$0.00 ,0,,,,,,,,,,,,,,
furnace not working during snowstorm coachella,0,$0.00 ,0,,,,,,,,,,,,,,
palm springs emergency air conditioning repair heat wave,0,$0.00 ,0,,,,,,,,,,,,,,
cathedral city emergency air conditioning repair heat wave,0,$0.00 ,0,,,,,,,,,,,,,,
rancho mirage emergency air conditioning repair heat wave,0,$0.00 ,0,,,,,,,,,,,,,,
palm desert emergency air conditioning repair heat wave,0,$0.00 ,0,,,,,,,,,,,,,,
indian wells emergency air conditioning repair heat wave,0,$0.00 ,0,,,,,,,,,,,,,,
la quinta emergency air conditioning repair heat wave,0,$0.00 ,0,,,,,,,,,,,,,,
indio emergency air conditioning repair heat wave,0,$0.00 ,0,,,,,,,,,,,,,,
coachella emergency air conditioning repair heat wave,0,$0.00 ,0,,,,,,,,,,,,,,
emergency air conditioning repair heat wave palm springs,0,$0.00 ,0,,,,,,,,,,,,,,
emergency air conditioning repair heat wave cathedral city,0,$0.00 ,0,,,,,,,,,,,,,,
emergency air conditioning repair heat wave rancho mirage,0,$0.00 ,0,,,,,,,,,,,,,,
emergency air conditioning repair heat wave palm desert,0,$0.00 ,0,,,,,,,,,,,,,,
emergency air conditioning repair heat wave indian wells,0,$0.00 ,0,,,,,,,,,,,,,,
emergency air conditioning repair heat wave la quinta,0,$0.00 ,0,,,,,,,,,,,,,,
emergency air conditioning repair heat wave indio,0,$0.00 ,0,,,,,,,,,,,,,,
emergency air conditioning repair heat wave coachella,0,$0.00 ,0,,,,,,,,,,,,,,
palm springs emergency heating repair in,0,$0.00 ,0,,,,,,,,,,,,,,
cathedral city emergency heating repair in,0,$0.00 ,0,,,,,,,,,,,,,,
rancho mirage emergency heating repair in,0,$0.00 ,0,,,,,,,,,,,,,,
palm desert emergency heating repair in,0,$0.00 ,0,,,,,,,,,,,,,,
indian wells emergency heating repair in,0,$0.00 ,0,,,,,,,,,,,,,,
la quinta emergency heating repair in,0,$0.00 ,0,,,,,,,,,,,,,,
indio emergency heating repair in,0,$0.00 ,0,,,,,,,,,,,,,,
coachella emergency heating repair in,0,$0.00 ,0,,,,,,,,,,,,,,
emergency heating repair in palm springs,0,$0.00 ,0,,,,,,,,,,,,,,
emergency heating repair in cathedral city,0,$0.00 ,0,,,,,,,,,,,,,,
emergency heating repair in rancho mirage,0,$0.00 ,0,,,,,,,,,,,,,,
emergency heating repair in palm desert,0,$0.00 ,0,,,,,,,,,,,,,,
emergency heating repair in indian wells,0,$0.00 ,0,,,,,,,,,,,,,,
emergency heating repair in la quinta,0,$0.00 ,0,,,,,,,,,,,,,,
emergency heating repair in indio,0,$0.00 ,0,,,,,,,,,,,,,,
emergency heating repair in coachella,0,$0.00 ,0,,,,,,,,,,,,,,
palm springs 247 hvac service near me,0,$0.00 ,0,,,,,,,,,,,,,,
cathedral city 247 hvac service near me,0,$0.00 ,0,,,,,,,,,,,,,,
rancho mirage 247 hvac service near me,0,$0.00 ,0,,,,,,,,,,,,,,
palm desert 247 hvac service near me,0,$0.00 ,0,,,,,,,,,,,,,,
indian wells 247 hvac service near me,0,$0.00 ,0,,,,,,,,,,,,,,
la quinta 247 hvac service near me,0,$0.00 ,0,,,,,,,,,,,,,,
indio 247 hvac service near me,0,$0.00 ,0,,,,,,,,,,,,,,
coachella 247 hvac service near me,0,$0.00 ,0,,,,,,,,,,,,,,
247 hvac service near me palm springs,0,$0.00 ,0,,,,,,,,,,,,,,
247 hvac service near me cathedral city,0,$0.00 ,0,,,,,,,,,,,,,,
247 hvac service near me rancho mirage,0,$0.00 ,0,,,,,,,,,,,,,,
247 hvac service near me palm desert,0,$0.00 ,0,,,,,,,,,,,,,,
247 hvac service near me indian wells,0,$0.00 ,0,,,,,,,,,,,,,,
247 hvac service near me la quinta,0,$0.00 ,0,,,,,,,,,,,,,,
247 hvac service near me indio,0,$0.00 ,0,,,,,,,,,,,,,,
247 hvac service near me coachella,0,$0.00 ,0,,,,,,,,,,,,,,
palm springs same day air conditioning repair,0,$0.00 ,0,,,,,,,,,,,,,,
cathedral city same day air conditioning repair,0,$0.00 ,0,,,,,,,,,,,,,,
rancho mirage same day air conditioning repair,0,$0.00 ,0,,,,,,,,,,,,,,
palm desert same day air conditioning repair,0,$0.00 ,0,,,,,,,,,,,,,,
indian wells same day air conditioning repair,0,$0.00 ,0,,,,,,,,,,,,,,
la quinta same day air conditioning repair,0,$0.00 ,0,,,,,,,,,,,,,,
indio same day air conditioning repair,0,$0.00 ,0,,,,,,,,,,,,,,
coachella same day air conditioning repair,0,$0.00 ,0,,,,,,,,,,,,,,
same day air conditioning repair palm springs,0,$0.00 ,0,,,,,,,,,,,,,,
same day air conditioning repair cathedral city,0,$0.00 ,0,,,,,,,,,,,,,,
same day air conditioning repair rancho mirage,0,$0.00 ,0,,,,,,,,,,,,,,
same day air conditioning repair palm desert,0,$0.00 ,0,,,,,,,,,,,,,,
same day air conditioning repair indian wells,0,$0.00 ,0,,,,,,,,,,,,,,
same day air conditioning repair la quinta,0,$0.00 ,0,,,,,,,,,,,,,,
same day air conditioning repair indio,0,$0.00 ,0,,,,,,,,,,,,,,
same day air conditioning repair coachella,0,$0.00 ,0,,,,,,,,,,,,,,
palm springs immediate ac service,0,$0.00 ,0,,,,,,,,,,,,,,
cathedral city immediate ac service,0,$0.00 ,0,,,,,,,,,,,,,,
rancho mirage immediate ac service,0,$0.00 ,0,,,,,,,,,,,,,,
palm desert immediate ac service,0,$0.00 ,0,,,,,,,,,,,,,,
indian wells immediate ac service,0,$0.00 ,0,,,,,,,,,,,,,,
la quinta immediate ac service,0,$0.00 ,0,,,,,,,,,,,,,,
indio immediate ac service,0,$0.00 ,0,,,,,,,,,,,,,,
coachella immediate ac service,0,$0.00 ,0,,,,,,,,,,,,,,
immediate ac service palm springs,0,$0.00 ,0,,,,,,,,,,,,,,
immediate ac service cathedral city,0,$0.00 ,0,,,,,,,,,,,,,,
immediate ac service rancho mirage,0,$0.00 ,0,,,,,,,,,,,,,,
immediate ac service palm desert,0,$0.00 ,0,,,,,,,,,,,,,,
immediate ac service indian wells,0,$0.00 ,0,,,,,,,,,,,,,,
immediate ac service la quinta,0,$0.00 ,0,,,,,,,,,,,,,,
immediate ac service indio,0,$0.00 ,0,,,,,,,,,,,,,,
immediate ac service coachella,0,$0.00 ,0,,,,,,,,,,,,,,
palm springs emergency hvac repair near me,0,$0.00 ,0,,,,,,,,,,,,,,
cathedral city emergency hvac repair near me,0,$0.00 ,0,,,,,,,,,,,,,,
rancho mirage emergency hvac repair near me,0,$0.00 ,0,,,,,,,,,,,,,,
palm desert emergency hvac repair near me,0,$0.00 ,0,,,,,,,,,,,,,,
indian wells emergency hvac repair near me,0,$0.00 ,0,,,,,,,,,,,,,,
la quinta emergency hvac repair near me,0,$0.00 ,0,,,,,,,,,,,,,,
indio emergency hvac repair near me,0,$0.00 ,0,,,,,,,,,,,,,,
coachella emergency hvac repair near me,0,$0.00 ,0,,,,,,,,,,,,,,
emergency hvac repair near me palm springs,0,$0.00 ,0,,,,,,,,,,,,,,
emergency hvac repair near me cathedral city,0,$0.00 ,0,,,,,,,,,,,,,,
emergency hvac repair near me rancho mirage,0,$0.00 ,0,,,,,,,,,,,,,,
emergency hvac repair near me palm desert,0,$0.00 ,0,,,,,,,,,,,,,,
emergency hvac repair near me indian wells,0,$0.00 ,0,,,,,,,,,,,,,,
emergency hvac repair near me la quinta,0,$0.00 ,0,,,,,,,,,,,,,,
emergency hvac repair near me indio,0,$0.00 ,0,,,,,,,,,,,,,,
emergency hvac repair near me coachella,0,$0.00 ,0,,,,,,,,,,,,,,
palm springs ac stopped working,0,$0.00 ,0,,,,,,,,,,,,,,
cathedral city ac stopped working,0,$0.00 ,0,,,,,,,,,,,,,,
rancho mirage ac stopped working,0,$0.00 ,0,,,,,,,,,,,,,,
palm desert ac stopped working,0,$0.00 ,0,,,,,,,,,,,,,,
indian wells ac stopped working,0,$0.00 ,0,,,,,,,,,,,,,,
la quinta ac stopped working,0,$0.00 ,0,,,,,,,,,,,,,,
indio ac stopped working,0,$0.00 ,0,,,,,,,,,,,,,,
coachella ac stopped working,0,$0.00 ,0,,,,,,,,,,,,,,
ac stopped working palm springs,0,$0.00 ,0,,,,,,,,,,,,,,
ac stopped working cathedral city,0,$0.00 ,0,,,,,,,,,,,,,,
ac stopped working rancho mirage,0,$0.00 ,0,,,,,,,,,,,,,,
ac stopped working palm desert,0,$0.00 ,0,,,,,,,,,,,,,,
ac stopped working indian wells,0,$0.00 ,0,,,,,,,,,,,,,,
ac stopped working la quinta,0,$0.00 ,0,,,,,,,,,,,,,,
ac stopped working indio,0,$0.00 ,0,,,,,,,,,,,,,,
ac stopped working coachella,0,$0.00 ,0,,,,,,,,,,,,,,
palm springs furnace repair during snowstorm,0,$0.00 ,0,,,,,,,,,,,,,,
cathedral city furnace repair during snowstorm,0,$0.00 ,0,,,,,,,,,,,,,,
rancho mirage furnace repair during snowstorm,0,$0.00 ,0,,,,,,,,,,,,,,
palm desert furnace repair during snowstorm,0,$0.00 ,0,,,,,,,,,,,,,,
indian wells furnace repair during snowstorm,0,$0.00 ,0,,,,,,,,,,,,,,
la quinta furnace repair during snowstorm,0,$0.00 ,0,,,,,,,,,,,,,,
indio furnace repair during snowstorm,0,$0.00 ,0,,,,,,,,,,,,,,
coachella furnace repair during snowstorm,0,$0.00 ,0,,,,,,,,,,,,,,
furnace repair during snowstorm palm springs,0,$0.00 ,0,,,,,,,,,,,,,,
furnace repair during snowstorm cathedral city,0,$0.00 ,0,,,,,,,,,,,,,,
furnace repair during snowstorm rancho mirage,0,$0.00 ,0,,,,,,,,,,,,,,
furnace repair during snowstorm palm desert,0,$0.00 ,0,,,,,,,,,,,,,,
furnace repair during snowstorm indian wells,0,$0.00 ,0,,,,,,,,,,,,,,
furnace repair during snowstorm la quinta,0,$0.00 ,0,,,,,,,,,,,,,,
furnace repair during snowstorm indio,0,$0.00 ,0,,,,,,,,,,,,,,
furnace repair during snowstorm coachella,0,$0.00 ,0,,,,,,,,,,,,,,
palm springs quick ac repair near me,0,$0.00 ,0,,,,,,,,,,,,,,
cathedral city quick ac repair near me,0,$0.00 ,0,,,,,,,,,,,,,,
rancho mirage quick ac repair near me,0,$0.00 ,0,,,,,,,,,,,,,,
palm desert quick ac repair near me,0,$0.00 ,0,,,,,,,,,,,,,,
indian wells quick ac repair near me,0,$0.00 ,0,,,,,,,,,,,,,,
la quinta quick ac repair near me,0,$0.00 ,0,,,,,,,,,,,,,,
indio quick ac repair near me,0,$0.00 ,0,,,,,,,,,,,,,,
coachella quick ac repair near me,0,$0.00 ,0,,,,,,,,,,,,,,
quick ac repair near me palm springs,0,$0.00 ,0,,,,,,,,,,,,,,
quick ac repair near me cathedral city,0,$0.00 ,0,,,,,,,,,,,,,,
quick ac repair near me rancho mirage,0,$0.00 ,0,,,,,,,,,,,,,,
quick ac repair near me palm desert,0,$0.00 ,0,,,,,,,,,,,,,,
quick ac repair near me indian wells,0,$0.00 ,0,,,,,,,,,,,,,,
quick ac repair near me la quinta,0,$0.00 ,0,,,,,,,,,,,,,,
quick ac repair near me indio,0,$0.00 ,0,,,,,,,,,,,,,,
quick ac repair near me coachella,0,$0.00 ,0,,,,,,,,,,,,,,
palm springs heating repair,0,$0.00 ,0,,,,,,,,,,,,,,
cathedral city heating repair,0,$0.00 ,0,,,,,,,,,,,,,,
rancho mirage heating repair,0,$0.00 ,0,,,,,,,,,,,,,,
indian wells heating repair,0,$0.00 ,0,,,,,,,,,,,,,,
la quinta heating repair,0,$0.00 ,0,,,,,,,,,,,,,,
indio heating repair,0,$0.00 ,0,,,,,,,,,,,,,,
coachella heating repair,0,$0.00 ,0,,,,,,,,,,,,,,
heating repair cathedral city,0,$0.00 ,0,,,,,,,,,,,,,,
heating repair rancho mirage,0,$0.00 ,0,,,,,,,,,,,,,,
heating repair indian wells,0,$0.00 ,0,,,,,,,,,,,,,,
heating repair la quinta,0,$0.00 ,0,,,,,,,,,,,,,,
heating repair indio,0,$0.00 ,0,,,,,,,,,,,,,,
heating repair coachella,0,$0.00 ,0,,,,,,,,,,,,,,
palm springs hvac installation,0,$0.00 ,0,,,,,,,,,,,,,,
cathedral city hvac installation,0,$0.00 ,0,,,,,,,,,,,,,,
rancho mirage hvac installation,0,$0.00 ,0,,,,,,,,,,,,,,
palm desert hvac installation,0,$0.00 ,0,,,,,,,,,,,,,,
indian wells hvac installation,0,$0.00 ,0,,,,,,,,,,,,,,
la quinta hvac installation,0,$0.00 ,0,,,,,,,,,,,,,,
indio hvac installation,0,$0.00 ,0,,,,,,,,,,,,,,
coachella hvac installation,0,$0.00 ,0,,,,,,,,,,,,,,
hvac installation palm springs,0,$0.00 ,0,,,,,,,,,,,,,,
hvac installation cathedral city,0,$0.00 ,0,,,,,,,,,,,,,,
hvac installation rancho mirage,0,$0.00 ,0,,,,,,,,,,,,,,
hvac installation palm desert,0,$0.00 ,0,,,,,,,,,,,,,,
hvac installation indian wells,0,$0.00 ,0,,,,,,,,,,,,,,
hvac installation la quinta,0,$0.00 ,0,,,,,,,,,,,,,,
hvac installation indio,0,$0.00 ,0,,,,,,,,,,,,,,
hvac installation coachella,0,$0.00 ,0,,,,,,,,,,,,,,
palm springs air conditioning installation,0,$0.00 ,0,,,,,,,,,,,,,,
cathedral city air conditioning installation,0,$0.00 ,0,,,,,,,,,,,,,,
rancho mirage air conditioning installation,0,$0.00 ,0,,,,,,,,,,,,,,
palm desert air conditioning installation,0,$0.00 ,0,,,,,,,,,,,,,,
indian wells air conditioning installation,0,$0.00 ,0,,,,,,,,,,,,,,
la quinta air conditioning installation,0,$0.00 ,0,,,,,,,,,,,,,,
indio air conditioning installation,0,$0.00 ,0,,,,,,,,,,,,,,
coachella air conditioning installation,0,$0.00 ,0,,,,,,,,,,,,,,
air conditioning installation palm springs,0,$0.00 ,0,,,,,,,,,,,,,,
air conditioning installation cathedral city,0,$0.00 ,0,,,,,,,,,,,,,,
air conditioning installation rancho mirage,0,$0.00 ,0,,,,,,,,,,,,,,
air conditioning installation palm desert,0,$0.00 ,0,,,,,,,,,,,,,,
air conditioning installation indian wells,0,$0.00 ,0,,,,,,,,,,,,,,
air conditioning installation la quinta,0,$0.00 ,0,,,,,,,,,,,,,,
air conditioning installation indio,0,$0.00 ,0,,,,,,,,,,,,,,
air conditioning installation coachella,0,$0.00 ,0,,,,,,,,,,,,,,
palm springs heating installation,0,$0.00 ,0,,,,,,,,,,,,,,
cathedral city heating installation,0,$0.00 ,0,,,,,,,,,,,,,,
rancho mirage heating installation,0,$0.00 ,0,,,,,,,,,,,,,,
palm desert heating installation,0,$0.00 ,0,,,,,,,,,,,,,,
indian wells heating installation,0,$0.00 ,0,,,,,,,,,,,,,,
la quinta heating installation,0,$0.00 ,0,,,,,,,,,,,,,,
indio heating installation,0,$0.00 ,0,,,,,,,,,,,,,,
coachella heating installation,0,$0.00 ,0,,,,,,,,,,,,,,
heating installation palm springs,0,$0.00 ,0,,,,,,,,,,,,,,
heating installation cathedral city,0,$0.00 ,0,,,,,,,,,,,,,,
heating installation rancho mirage,0,$0.00 ,0,,,,,,,,,,,,,,
heating installation palm desert,0,$0.00 ,0,,,,,,,,,,,,,,
heating installation indian wells,0,$0.00 ,0,,,,,,,,,,,,,,
heating installation la quinta,0,$0.00 ,0,,,,,,,,,,,,,,
heating installation indio,0,$0.00 ,0,,,,,,,,,,,,,,
heating installation coachella,0,$0.00 ,0,,,,,,,,,,,,,,
palm springs hvac service,0,$0.00 ,0,,,,,,,,,,,,,,
cathedral city hvac service,0,$0.00 ,0,,,,,,,,,,,,,,
rancho mirage hvac service,0,$0.00 ,0,,,,,,,,,,,,,,
palm desert hvac service,0,$0.00 ,0,,,,,,,,,,,,,,
indian wells hvac service,0,$0.00 ,0,,,,,,,,,,,,,,
la quinta hvac service,0,$0.00 ,0,,,,,,,,,,,,,,
indio hvac service,0,$0.00 ,0,,,,,,,,,,,,,,
coachella hvac service,0,$0.00 ,0,,,,,,,,,,,,,,
hvac service cathedral city,0,$0.00 ,0,,,,,,,,,,,,,,
hvac service rancho mirage,0,$0.00 ,0,,,,,,,,,,,,,,
hvac service palm desert,0,$0.00 ,0,,,,,,,,,,,,,,
hvac service indian wells,0,$0.00 ,0,,,,,,,,,,,,,,
hvac service la quinta,0,$0.00 ,0,,,,,,,,,,,,,,
hvac service indio,0,$0.00 ,0,,,,,,,,,,,,,,
hvac service coachella,0,$0.00 ,0,,,,,,,,,,,,,,
palm springs heating service,0,$0.00 ,0,,,,,,,,,,,,,,
cathedral city heating service,0,$0.00 ,0,,,,,,,,,,,,,,
rancho mirage heating service,0,$0.00 ,0,,,,,,,,,,,,,,
palm desert heating service,0,$0.00 ,0,,,,,,,,,,,,,,
indian wells heating service,0,$0.00 ,0,,,,,,,,,,,,,,
la quinta heating service,0,$0.00 ,0,,,,,,,,,,,,,,
indio heating service,0,$0.00 ,0,,,,,,,,,,,,,,
coachella heating service,0,$0.00 ,0,,,,,,,,,,,,,,
heating service palm springs,0,$0.00 ,0,,,,,,,,,,,,,,
heating service cathedral city,0,$0.00 ,0,,,,,,,,,,,,,,
heating service rancho mirage,0,$0.00 ,0,,,,,,,,,,,,,,
heating service palm desert,0,$0.00 ,0,,,,,,,,,,,,,,
heating service indian wells,0,$0.00 ,0,,,,,,,,,,,,,,
heating service la quinta,0,$0.00 ,0,,,,,,,,,,,,,,
heating service indio,0,$0.00 ,0,,,,,,,,,,,,,,
heating service coachella,0,$0.00 ,0,,,,,,,,,,,,,,
palm springs thermal air conditioning,0,$0.00 ,0,,,,,,,,,,,,,,
cathedral city thermal air conditioning,0,$0.00 ,0,,,,,,,,,,,,,,
rancho mirage thermal air conditioning,0,$0.00 ,0,,,,,,,,,,,,,,
palm desert thermal air conditioning,0,$0.00 ,0,,,,,,,,,,,,,,
indian wells thermal air conditioning,0,$0.00 ,0,,,,,,,,,,,,,,
la quinta thermal air conditioning,0,$0.00 ,0,,,,,,,,,,,,,,
indio thermal air conditioning,0,$0.00 ,0,,,,,,,,,,,,,,
coachella thermal air conditioning,0,$0.00 ,0,,,,,,,,,,,,,,
thermal air conditioning palm springs,0,$0.00 ,0,,,,,,,,,,,,,,
thermal air conditioning cathedral city,0,$0.00 ,0,,,,,,,,,,,,,,
thermal air conditioning rancho mirage,0,$0.00 ,0,,,,,,,,,,,,,,
thermal air conditioning palm desert,0,$0.00 ,0,,,,,,,,,,,,,,
thermal air conditioning indian wells,0,$0.00 ,0,,,,,,,,,,,,,,
thermal air conditioning la quinta,0,$0.00 ,0,,,,,,,,,,,,,,
thermal air conditioning indio,0,$0.00 ,0,,,,,,,,,,,,,,
thermal air conditioning coachella,0,$0.00 ,0,,,,,,,,,,,,,,
palm springs commercial hvac,0,$0.00 ,0,,,,,,,,,,,,,,
cathedral city commercial hvac,0,$0.00 ,0,,,,,,,,,,,,,,
rancho mirage commercial hvac,0,$0.00 ,0,,,,,,,,,,,,,,
palm desert commercial hvac,0,$0.00 ,0,,,,,,,,,,,,,,
indian wells commercial hvac,0,$0.00 ,0,,,,,,,,,,,,,,
la quinta commercial hvac,0,$0.00 ,0,,,,,,,,,,,,,,
coachella commercial hvac,0,$0.00 ,0,,,,,,,,,,,,,,
commercial hvac palm springs,0,$0.00 ,0,,,,,,,,,,,,,,
commercial hvac cathedral city,0,$0.00 ,0,,,,,,,,,,,,,,
commercial hvac rancho mirage,0,$0.00 ,0,,,,,,,,,,,,,,
commercial hvac palm desert,0,$0.00 ,0,,,,,,,,,,,,,,
commercial hvac indian wells,0,$0.00 ,0,,,,,,,,,,,,,,
commercial hvac la quinta,0,$0.00 ,0,,,,,,,,,,,,,,
commercial hvac indio,0,$0.00 ,0,,,,,,,,,,,,,,
commercial hvac coachella,0,$0.00 ,0,,,,,,,,,,,,,,
palm springs hvac financing,0,$0.00 ,0,,,,,,,,,,,,,,
cathedral city hvac financing,0,$0.00 ,0,,,,,,,,,,,,,,
rancho mirage hvac financing,0,$0.00 ,0,,,,,,,,,,,,,,
palm desert hvac financing,0,$0.00 ,0,,,,,,,,,,,,,,
indian wells hvac financing,0,$0.00 ,0,,,,,,,,,,,,,,
la quinta hvac financing,0,$0.00 ,0,,,,,,,,,,,,,,
indio hvac financing,0,$0.00 ,0,,,,,,,,,,,,,,
coachella hvac financing,0,$0.00 ,0,,,,,,,,,,,,,,
hvac financing palm springs,0,$0.00 ,0,,,,,,,,,,,,,,
hvac financing cathedral city,0,$0.00 ,0,,,,,,,,,,,,,,
hvac financing rancho mirage,0,$0.00 ,0,,,,,,,,,,,,,,
hvac financing palm desert,0,$0.00 ,0,,,,,,,,,,,,,,
hvac financing indian wells,0,$0.00 ,0,,,,,,,,,,,,,,
hvac financing la quinta,0,$0.00 ,0,,,,,,,,,,,,,,
hvac financing indio,0,$0.00 ,0,,,,,,,,,,,,,,
hvac financing coachella,0,$0.00 ,0,,,,,,,,,,,,,,
palm springs heat pump repair,0,$0.00 ,0,,,,,,,,,,,,,,
cathedral city heat pump repair,0,$0.00 ,0,,,,,,,,,,,,,,
rancho mirage heat pump repair,0,$0.00 ,0,,,,,,,,,,,,,,
palm desert heat pump repair,0,$0.00 ,0,,,,,,,,,,,,,,
indian wells heat pump repair,0,$0.00 ,0,,,,,,,,,,,,,,
la quinta heat pump repair,0,$0.00 ,0,,,,,,,,,,,,,,
indio heat pump repair,0,$0.00 ,0,,,,,,,,,,,,,,
coachella heat pump repair,0,$0.00 ,0,,,,,,,,,,,,,,
heat pump repair cathedral city,0,$0.00 ,0,,,,,,,,,,,,,,
heat pump repair rancho mirage,0,$0.00 ,0,,,,,,,,,,,,,,
heat pump repair palm desert,0,$0.00 ,0,,,,,,,,,,,,,,
heat pump repair indian wells,0,$0.00 ,0,,,,,,,,,,,,,,
heat pump repair la quinta,0,$0.00 ,0,,,,,,,,,,,,,,
heat pump repair indio,0,$0.00 ,0,,,,,,,,,,,,,,
heat pump repair coachella,0,$0.00 ,0,,,,,,,,,,,,,,
palm springs hvac estimate,0,$0.00 ,0,,,,,,,,,,,,,,
cathedral city hvac estimate,0,$0.00 ,0,,,,,,,,,,,,,,
rancho mirage hvac estimate,0,$0.00 ,0,,,,,,,,,,,,,,
palm desert hvac estimate,0,$0.00 ,0,,,,,,,,,,,,,,
indian wells hvac estimate,0,$0.00 ,0,,,,,,,,,,,,,,
la quinta hvac estimate,0,$0.00 ,0,,,,,,,,,,,,,,
indio hvac estimate,0,$0.00 ,0,,,,,,,,,,,,,,
coachella hvac estimate,0,$0.00 ,0,,,,,,,,,,,,,,
hvac estimate palm springs,0,$0.00 ,0,,,,,,,,,,,,,,
hvac estimate cathedral city,0,$0.00 ,0,,,,,,,,,,,,,,
hvac estimate rancho mirage,0,$0.00 ,0,,,,,,,,,,,,,,
hvac estimate palm desert,0,$0.00 ,0,,,,,,,,,,,,,,
hvac estimate indian wells,0,$0.00 ,0,,,,,,,,,,,,,,
hvac estimate la quinta,0,$0.00 ,0,,,,,,,,,,,,,,
hvac estimate indio,0,$0.00 ,0,,,,,,,,,,,,,,
hvac estimate coachella,0,$0.00 ,0,,,,,,,,,,,,,,
palm springs hvac quotes,0,$0.00 ,0,,,,,,,,,,,,,,
cathedral city hvac quotes,0,$0.00 ,0,,,,,,,,,,,,,,
rancho mirage hvac quotes,0,$0.00 ,0,,,,,,,,,,,,,,
palm desert hvac quotes,0,$0.00 ,0,,,,,,,,,,,,,,
indian wells hvac quotes,0,$0.00 ,0,,,,,,,,,,,,,,
la quinta hvac quotes,0,$0.00 ,0,,,,,,,,,,,,,,
indio hvac quotes,0,$0.00 ,0,,,,,,,,,,,,,,
coachella hvac quotes,0,$0.00 ,0,,,,,,,,,,,,,,
hvac quotes palm springs,0,$0.00 ,0,,,,,,,,,,,,,,
hvac quotes cathedral city,0,$0.00 ,0,,,,,,,,,,,,,,
hvac quotes rancho mirage,0,$0.00 ,0,,,,,,,,,,,,,,
hvac quotes palm desert,0,$0.00 ,0,,,,,,,,,,,,,,
hvac quotes indian wells,0,$0.00 ,0,,,,,,,,,,,,,,
hvac quotes la quinta,0,$0.00 ,0,,,,,,,,,,,,,,
hvac quotes indio,0,$0.00 ,0,,,,,,,,,,,,,,
hvac quotes coachella,0,$0.00 ,0,,,,,,,,,,,,,,
palm springs residential hvac,0,$0.00 ,0,,,,,,,,,,,,,,
cathedral city residential hvac,0,$0.00 ,0,,,,,,,,,,,,,,
rancho mirage residential hvac,0,$0.00 ,0,,,,,,,,,,,,,,
palm desert residential hvac,0,$0.00 ,0,,,,,,,,,,,,,,
indian wells residential hvac,0,$0.00 ,0,,,,,,,,,,,,,,
la quinta residential hvac,0,$0.00 ,0,,,,,,,,,,,,,,
indio residential hvac,0,$0.00 ,0,,,,,,,,,,,,,,
coachella residential hvac,0,$0.00 ,0,,,,,,,,,,,,,,
residential hvac palm springs,0,$0.00 ,0,,,,,,,,,,,,,,
residential hvac cathedral city,0,$0.00 ,0,,,,,,,,,,,,,,
residential hvac rancho mirage,0,$0.00 ,0,,,,,,,,,,,,,,
residential hvac palm desert,0,$0.00 ,0,,,,,,,,,,,,,,
residential hvac indian wells,0,$0.00 ,0,,,,,,,,,,,,,,
residential hvac la quinta,0,$0.00 ,0,,,,,,,,,,,,,,
residential hvac indio,0,$0.00 ,0,,,,,,,,,,,,,,
residential hvac coachella,0,$0.00 ,0,,,,,,,,,,,,,,
palm springs hvac technician,0,$0.00 ,0,,,,,,,,,,,,,,
cathedral city hvac technician,0,$0.00 ,0,,,,,,,,,,,,,,
rancho mirage hvac technician,0,$0.00 ,0,,,,,,,,,,,,,,
palm desert hvac technician,0,$0.00 ,0,,,,,,,,,,,,,,
indian wells hvac technician,0,$0.00 ,0,,,,,,,,,,,,,,
la quinta hvac technician,0,$0.00 ,0,,,,,,,,,,,,,,
indio hvac technician,0,$0.00 ,0,,,,,,,,,,,,,,
coachella hvac technician,0,$0.00 ,0,,,,,,,,,,,,,,
hvac technician palm springs,0,$0.00 ,0,,,,,,,,,,,,,,
hvac technician cathedral city,0,$0.00 ,0,,,,,,,,,,,,,,
hvac technician rancho mirage,0,$0.00 ,0,,,,,,,,,,,,,,
hvac technician palm desert,0,$0.00 ,0,,,,,,,,,,,,,,
hvac technician indian wells,0,$0.00 ,0,,,,,,,,,,,,,,
hvac technician la quinta,0,$0.00 ,0,,,,,,,,,,,,,,
hvac technician indio,0,$0.00 ,0,,,,,,,,,,,,,,
hvac technician coachella,0,$0.00 ,0,,,,,,,,,,,,,,
palm springs central heating,0,$0.00 ,0,,,,,,,,,,,,,,
cathedral city central heating,0,$0.00 ,0,,,,,,,,,,,,,,
rancho mirage central heating,0,$0.00 ,0,,,,,,,,,,,,,,
palm desert central heating,0,$0.00 ,0,,,,,,,,,,,,,,
indian wells central heating,0,$0.00 ,0,,,,,,,,,,,,,,
la quinta central heating,0,$0.00 ,0,,,,,,,,,,,,,,
indio central heating,0,$0.00 ,0,,,,,,,,,,,,,,
coachella central heating,0,$0.00 ,0,,,,,,,,,,,,,,
central heating palm springs,0,$0.00 ,0,,,,,,,,,,,,,,
central heating cathedral city,0,$0.00 ,0,,,,,,,,,,,,,,
central heating rancho mirage,0,$0.00 ,0,,,,,,,,,,,,,,
central heating palm desert,0,$0.00 ,0,,,,,,,,,,,,,,
central heating indian wells,0,$0.00 ,0,,,,,,,,,,,,,,
central heating la quinta,0,$0.00 ,0,,,,,,,,,,,,,,
central heating indio,0,$0.00 ,0,,,,,,,,,,,,,,
central heating coachella,0,$0.00 ,0,,,,,,,,,,,,,,
palm springs cooling system,0,$0.00 ,0,,,,,,,,,,,,,,
cathedral city cooling system,0,$0.00 ,0,,,,,,,,,,,,,,
rancho mirage cooling system,0,$0.00 ,0,,,,,,,,,,,,,,
palm desert cooling system,0,$0.00 ,0,,,,,,,,,,,,,,
indian wells cooling system,0,$0.00 ,0,,,,,,,,,,,,,,
la quinta cooling system,0,$0.00 ,0,,,,,,,,,,,,,,
indio cooling system,0,$0.00 ,0,,,,,,,,,,,,,,
coachella cooling system,0,$0.00 ,0,,,,,,,,,,,,,,
cooling system palm springs,0,$0.00 ,0,,,,,,,,,,,,,,
cooling system cathedral city,0,$0.00 ,0,,,,,,,,,,,,,,
cooling system rancho mirage,0,$0.00 ,0,,,,,,,,,,,,,,
cooling system palm desert,0,$0.00 ,0,,,,,,,,,,,,,,
cooling system indian wells,0,$0.00 ,0,,,,,,,,,,,,,,
cooling system la quinta,0,$0.00 ,0,,,,,,,,,,,,,,
cooling system indio,0,$0.00 ,0,,,,,,,,,,,,,,
cooling system coachella,0,$0.00 ,0,,,,,,,,,,,,,,
palm springs hvac replacement,0,$0.00 ,0,,,,,,,,,,,,,,
cathedral city hvac replacement,0,$0.00 ,0,,,,,,,,,,,,,,
rancho mirage hvac replacement,0,$0.00 ,0,,,,,,,,,,,,,,
palm desert hvac replacement,0,$0.00 ,0,,,,,,,,,,,,,,
indian wells hvac replacement,0,$0.00 ,0,,,,,,,,,,,,,,
la quinta hvac replacement,0,$0.00 ,0,,,,,,,,,,,,,,
indio hvac replacement,0,$0.00 ,0,,,,,,,,,,,,,,
coachella hvac replacement,0,$0.00 ,0,,,,,,,,,,,,,,
hvac replacement palm springs,0,$0.00 ,0,,,,,,,,,,,,,,
hvac replacement cathedral city,0,$0.00 ,0,,,,,,,,,,,,,,
hvac replacement rancho mirage,0,$0.00 ,0,,,,,,,,,,,,,,
hvac replacement palm desert,0,$0.00 ,0,,,,,,,,,,,,,,
hvac replacement indian wells,0,$0.00 ,0,,,,,,,,,,,,,,
hvac replacement la quinta,0,$0.00 ,0,,,,,,,,,,,,,,
hvac replacement indio,0,$0.00 ,0,,,,,,,,,,,,,,
hvac replacement coachella,0,$0.00 ,0,,,,,,,,,,,,,,
palm springs heating contractor,0,$0.00 ,0,,,,,,,,,,,,,,
cathedral city heating contractor,0,$0.00 ,0,,,,,,,,,,,,,,
rancho mirage heating contractor,0,$0.00 ,0,,,,,,,,,,,,,,
palm desert heating contractor,0,$0.00 ,0,,,,,,,,,,,,,,
indian wells heating contractor,0,$0.00 ,0,,,,,,,,,,,,,,
la quinta heating contractor,0,$0.00 ,0,,,,,,,,,,,,,,
indio heating contractor,0,$0.00 ,0,,,,,,,,,,,,,,
coachella heating contractor,0,$0.00 ,0,,,,,,,,,,,,,,
heating contractor palm springs,0,$0.00 ,0,,,,,,,,,,,,,,
heating contractor cathedral city,0,$0.00 ,0,,,,,,,,,,,,,,
heating contractor rancho mirage,0,$0.00 ,0,,,,,,,,,,,,,,
heating contractor palm desert,0,$0.00 ,0,,,,,,,,,,,,,,
heating contractor indian wells,0,$0.00 ,0,,,,,,,,,,,,,,
heating contractor la quinta,0,$0.00 ,0,,,,,,,,,,,,,,
heating contractor indio,0,$0.00 ,0,,,,,,,,,,,,,,
heating contractor coachella,0,$0.00 ,0,,,,,,,,,,,,,,
palm springs air conditioning unit,0,$0.00 ,0,,,,,,,,,,,,,,
cathedral city air conditioning unit,0,$0.00 ,0,,,,,,,,,,,,,,
rancho mirage air conditioning unit,0,$0.00 ,0,,,,,,,,,,,,,,
palm desert air conditioning unit,0,$0.00 ,0,,,,,,,,,,,,,,
indian wells air conditioning unit,0,$0.00 ,0,,,,,,,,,,,,,,
la quinta air conditioning unit,0,$0.00 ,0,,,,,,,,,,,,,,
indio air conditioning unit,0,$0.00 ,0,,,,,,,,,,,,,,
coachella air conditioning unit,0,$0.00 ,0,,,,,,,,,,,,,,
air conditioning unit palm springs,0,$0.00 ,0,,,,,,,,,,,,,,
air conditioning unit cathedral city,0,$0.00 ,0,,,,,,,,,,,,,,
air conditioning unit rancho mirage,0,$0.00 ,0,,,,,,,,,,,,,,
air conditioning unit palm desert,0,$0.00 ,0,,,,,,,,,,,,,,
air conditioning unit indian wells,0,$0.00 ,0,,,,,,,,,,,,,,
air conditioning unit la quinta,0,$0.00 ,0,,,,,,,,,,,,,,
air conditioning unit indio,0,$0.00 ,0,,,,,,,,,,,,,,
air conditioning unit coachella,0,$0.00 ,0,,,,,,,,,,,,,,
palm springs hvac repair services,0,$0.00 ,0,,,,,,,,,,,,,,
cathedral city hvac repair services,0,$0.00 ,0,,,,,,,,,,,,,,
rancho mirage hvac repair services,0,$0.00 ,0,,,,,,,,,,,,,,
palm desert hvac repair services,0,$0.00 ,0,,,,,,,,,,,,,,
indian wells hvac repair services,0,$0.00 ,0,,,,,,,,,,,,,,
la quinta hvac repair services,0,$0.00 ,0,,,,,,,,,,,,,,
indio hvac repair services,0,$0.00 ,0,,,,,,,,,,,,,,
coachella hvac repair services,0,$0.00 ,0,,,,,,,,,,,,,,
hvac repair services palm springs,0,$0.00 ,0,,,,,,,,,,,,,,
hvac repair services cathedral city,0,$0.00 ,0,,,,,,,,,,,,,,
hvac repair services rancho mirage,0,$0.00 ,0,,,,,,,,,,,,,,
hvac repair services palm desert,0,$0.00 ,0,,,,,,,,,,,,,,
hvac repair services indian wells,0,$0.00 ,0,,,,,,,,,,,,,,
hvac repair services la quinta,0,$0.00 ,0,,,,,,,,,,,,,,
hvac repair services indio,0,$0.00 ,0,,,,,,,,,,,,,,
hvac repair services coachella,0,$0.00 ,0,,,,,,,,,,,,,,
